annual_income,loan_amount,credit_score,employment_years,dti_ratio,age,num_credit_lines,savings_balance,loan_purpose,home_ownership,education,loan_to_income,savings_to_loan,approved
62100,105500,806,4,37.0,53,6,1620,debt_consolidation,mortgage,high_school,1.699,0.015,1
33900,53500,785,4,31.7,45,7,500,debt_consolidation,mortgage,some_college,1.578,0.009,0
75900,48900,749,12,20.2,28,7,2280,home_improvement,rent,graduate,0.644,0.047,1
82700,17700,834,23,13.8,42,2,1660,home_improvement,mortgage,some_college,0.214,0.094,1
22500,28600,562,6,36.2,47,4,5210,other,rent,high_school,1.271,0.182,0
30200,74800,801,4,47.9,27,4,2240,medical,mortgage,high_school,2.477,0.03,0
57400,54400,600,8,26.5,41,3,650,debt_consolidation,rent,graduate,0.948,0.012,1
47000,63100,637,6,37.9,18,9,1420,education,own,bachelors,1.343,0.023,0
53800,123900,732,8,45.4,35,4,440,debt_consolidation,own,bachelors,2.303,0.004,1
36900,26100,789,7,15.8,43,4,24150,debt_consolidation,own,some_college,0.707,0.925,1
80500,50800,586,7,13.5,43,5,30240,home_improvement,mortgage,some_college,0.631,0.595,1
76900,68300,641,0,26.5,55,1,35830,home_improvement,rent,some_college,0.888,0.525,1
55800,36600,693,4,16.9,38,3,2150,debt_consolidation,mortgage,bachelors,0.656,0.059,1
90000,163100,669,4,42.5,33,4,30210,home_improvement,rent,some_college,1.812,0.185,0
66900,113100,757,4,37.6,23,3,8690,other,rent,some_college,1.691,0.077,1
36800,73400,720,10,51.1,33,3,1550,major_purchase,mortgage,some_college,1.995,0.021,0
64000,210200,622,2,65.0,45,3,2040,debt_consolidation,rent,bachelors,3.284,0.01,0
35200,21000,574,0,15.5,46,3,3860,other,rent,high_school,0.597,0.184,0
80400,59600,657,4,20.1,40,5,5670,debt_consolidation,own,some_college,0.741,0.095,1
53000,77400,605,3,37.4,44,2,8170,debt_consolidation,mortgage,some_college,1.46,0.106,0
49900,31600,724,6,15.1,52,1,4900,debt_consolidation,mortgage,graduate,0.633,0.155,1
39900,73900,723,3,46.1,38,5,3020,debt_consolidation,mortgage,some_college,1.852,0.041,0
93900,27600,645,5,12.3,53,6,32630,debt_consolidation,mortgage,bachelors,0.294,1.182,1
50500,97100,622,4,45.8,30,9,4190,debt_consolidation,mortgage,some_college,1.923,0.043,0
44700,125600,674,15,57.8,37,2,3870,home_improvement,mortgage,bachelors,2.81,0.031,0
46200,72400,739,3,34.1,32,4,3630,debt_consolidation,mortgage,graduate,1.567,0.05,1
68800,16400,760,9,9.5,46,4,4190,debt_consolidation,mortgage,high_school,0.238,0.255,1
63900,30400,793,6,23.5,26,5,730,major_purchase,rent,high_school,0.476,0.024,1
65200,88900,721,12,31.4,34,5,1210,home_improvement,own,bachelors,1.363,0.014,1
65800,60800,774,18,37.0,44,4,150900,major_purchase,own,bachelors,0.924,2.482,1
142000,9100,628,6,9.8,51,4,490,debt_consolidation,mortgage,some_college,0.064,0.054,1
45100,142900,763,1,61.6,48,3,7190,medical,mortgage,some_college,3.169,0.05,0
43000,65900,761,2,29.2,46,0,7940,other,mortgage,bachelors,1.533,0.12,1
37600,33700,813,1,29.1,47,5,20290,debt_consolidation,rent,bachelors,0.896,0.602,1
71500,120100,543,4,37.5,45,5,8210,major_purchase,mortgage,some_college,1.68,0.068,0
90000,37300,607,3,18.8,44,3,69370,medical,rent,some_college,0.414,1.86,1
51500,37000,754,7,30.2,45,6,6870,home_improvement,mortgage,graduate,0.718,0.186,1
37100,76900,459,12,48.0,30,6,32440,debt_consolidation,mortgage,some_college,2.073,0.422,0
37400,208300,726,1,65.0,35,2,21080,debt_consolidation,mortgage,high_school,5.57,0.101,0
72600,186600,775,6,59.2,38,6,42560,major_purchase,rent,graduate,2.57,0.228,0
75700,77000,636,3,29.5,34,8,5090,home_improvement,rent,bachelors,1.017,0.066,0
69200,82800,648,6,24.5,20,3,8580,education,rent,some_college,1.197,0.104,1
40200,104200,593,4,60.0,24,6,2930,debt_consolidation,mortgage,bachelors,2.592,0.028,0
60100,24800,640,10,15.2,40,4,6150,debt_consolidation,rent,high_school,0.413,0.248,0
57100,94000,643,2,43.8,47,2,6640,debt_consolidation,rent,some_college,1.646,0.071,0
59800,35800,626,3,20.8,38,4,270,home_improvement,mortgage,high_school,0.599,0.008,1
80200,74800,622,5,29.6,68,5,4020,major_purchase,rent,bachelors,0.933,0.054,1
59900,51100,661,4,22.5,27,3,17080,debt_consolidation,mortgage,high_school,0.853,0.334,1
73500,85000,660,5,22.7,42,0,740,major_purchase,other,high_school,1.156,0.009,0
55800,65000,844,1,31.2,52,2,1240,education,rent,high_school,1.165,0.019,1
61700,7000,651,16,13.9,49,2,24780,other,mortgage,some_college,0.113,3.54,1
72000,67900,714,4,22.7,45,1,32220,education,mortgage,high_school,0.943,0.475,1
28100,93900,635,2,65.0,49,3,2060,home_improvement,rent,some_college,3.342,0.022,0
46900,81800,634,5,30.5,38,9,6270,education,mortgage,bachelors,1.744,0.077,1
43800,55700,540,6,30.3,56,0,4410,home_improvement,rent,high_school,1.272,0.079,0
40600,189000,551,21,65.0,52,2,25530,debt_consolidation,mortgage,graduate,4.655,0.135,0
47900,74500,582,13,38.1,28,4,2330,other,mortgage,bachelors,1.555,0.031,0
106200,81300,700,4,23.1,41,5,2890,debt_consolidation,mortgage,high_school,0.766,0.036,0
36700,124400,776,19,65.0,20,2,32110,debt_consolidation,rent,high_school,3.39,0.258,0
83800,77200,533,16,29.9,54,5,1210,debt_consolidation,rent,some_college,0.921,0.016,1
25400,31900,638,2,31.6,40,6,2450,home_improvement,rent,some_college,1.256,0.077,0
46600,10900,568,24,13.0,52,6,5920,home_improvement,rent,some_college,0.234,0.543,1
58300,42900,662,4,22.5,36,7,41490,major_purchase,rent,some_college,0.736,0.967,1
70500,102000,776,7,31.7,67,4,920,debt_consolidation,mortgage,bachelors,1.447,0.009,1
74600,46800,647,14,23.3,39,1,1820,debt_consolidation,mortgage,bachelors,0.627,0.039,1
77400,104900,680,1,28.7,26,7,11270,debt_consolidation,mortgage,bachelors,1.355,0.107,1
46300,66400,808,5,35.5,50,6,13980,debt_consolidation,mortgage,bachelors,1.434,0.211,1
44000,147500,723,8,65.0,60,3,6610,debt_consolidation,mortgage,high_school,3.352,0.045,1
79700,48700,620,13,14.9,35,3,4170,debt_consolidation,rent,high_school,0.611,0.086,1
49700,83100,698,6,32.7,36,9,5890,other,mortgage,bachelors,1.672,0.071,1
30500,85300,614,1,54.2,40,2,600,medical,mortgage,bachelors,2.797,0.007,1
32500,171300,720,21,65.0,25,4,5660,debt_consolidation,rent,bachelors,5.271,0.033,0
35800,18100,728,6,14.7,30,2,39140,debt_consolidation,rent,some_college,0.506,2.162,1
67800,43400,568,8,14.7,57,3,770,other,mortgage,bachelors,0.64,0.018,1
57800,108400,699,1,43.2,36,3,1640,major_purchase,rent,graduate,1.875,0.015,1
73900,176700,675,16,40.1,28,5,2820,education,rent,some_college,2.391,0.016,0
44700,70800,731,4,32.7,33,0,3080,education,own,high_school,1.584,0.044,0
58200,48800,755,3,28.7,49,3,64730,debt_consolidation,rent,graduate,0.838,1.326,1
71800,101700,725,13,29.7,40,3,1330,debt_consolidation,mortgage,graduate,1.416,0.013,1
47100,110000,659,1,49.0,65,4,1010,debt_consolidation,mortgage,high_school,2.335,0.009,0
66500,46500,764,8,21.8,60,4,14470,major_purchase,rent,some_college,0.699,0.311,1
40200,75400,610,3,42.9,44,4,1990,other,rent,bachelors,1.876,0.026,0
46000,136800,572,9,59.4,52,3,14810,debt_consolidation,rent,high_school,2.974,0.108,0
45600,224900,413,10,65.0,52,6,3730,education,mortgage,high_school,4.932,0.017,0
31600,100700,679,4,65.0,36,2,9350,major_purchase,mortgage,high_school,3.187,0.093,0
67400,61800,615,15,20.3,48,6,550,major_purchase,mortgage,some_college,0.917,0.009,1
43900,57700,718,6,29.7,57,4,9300,major_purchase,mortgage,high_school,1.314,0.161,1
54500,88400,517,21,36.8,24,7,6670,home_improvement,mortgage,high_school,1.622,0.075,1
67300,55200,629,13,25.6,44,4,3440,major_purchase,rent,high_school,0.82,0.062,1
66200,68400,724,7,26.7,41,3,870,medical,mortgage,bachelors,1.033,0.013,1
73100,28600,597,7,14.5,39,5,6660,major_purchase,rent,bachelors,0.391,0.233,1
51800,148400,719,2,53.4,38,6,13540,debt_consolidation,rent,bachelors,2.865,0.091,0
44800,27000,637,13,14.3,40,9,2340,home_improvement,rent,high_school,0.603,0.087,1
52300,44200,682,3,24.0,41,5,2400,major_purchase,other,graduate,0.845,0.054,1
25400,64100,735,7,51.4,50,3,14930,education,rent,graduate,2.524,0.233,0
28200,241300,765,21,65.0,43,3,53870,debt_consolidation,own,high_school,8.557,0.223,0
29900,44500,692,15,34.5,36,5,18310,debt_consolidation,rent,graduate,1.488,0.411,1
34600,37600,615,2,36.9,28,6,6780,debt_consolidation,other,some_college,1.087,0.18,0
64900,40700,646,6,17.3,32,3,3500,medical,own,high_school,0.627,0.086,1
36000,191200,739,8,65.0,40,2,4730,home_improvement,mortgage,some_college,5.311,0.025,0
45700,8400,598,16,16.6,30,4,770,debt_consolidation,mortgage,some_college,0.184,0.092,1
97200,29700,669,14,16.7,48,6,3960,major_purchase,mortgage,bachelors,0.306,0.133,1
46200,405100,652,9,65.0,42,1,23570,home_improvement,rent,some_college,8.768,0.058,0
75500,90500,676,9,30.1,50,6,5200,home_improvement,rent,bachelors,1.199,0.057,1
35600,27600,599,6,20.4,30,2,2050,home_improvement,own,bachelors,0.775,0.074,0
49400,58100,527,8,37.2,28,7,1800,major_purchase,own,high_school,1.176,0.031,0
35300,62800,729,5,41.7,50,4,4700,debt_consolidation,own,bachelors,1.779,0.075,1
46500,108300,766,11,49.1,39,1,870,debt_consolidation,rent,some_college,2.329,0.008,1
79100,217000,532,9,64.5,35,4,1380,major_purchase,own,high_school,2.743,0.006,0
24900,78600,716,13,63.4,45,7,42020,debt_consolidation,rent,some_college,3.157,0.535,0
65900,41000,777,13,21.4,45,7,1150,debt_consolidation,rent,bachelors,0.622,0.028,1
60300,103900,735,3,41.8,24,6,1600,debt_consolidation,mortgage,bachelors,1.723,0.015,0
41500,36700,649,0,25.3,53,8,7390,major_purchase,mortgage,bachelors,0.884,0.201,0
28300,29000,604,3,26.0,33,2,2650,medical,rent,high_school,1.025,0.091,0
56000,17500,691,8,17.0,56,2,5560,education,mortgage,bachelors,0.312,0.318,1
42700,20000,706,5,13.9,23,1,16450,debt_consolidation,mortgage,bachelors,0.468,0.822,1
60200,32000,693,5,22.0,41,11,560,debt_consolidation,mortgage,graduate,0.532,0.018,0
54700,26300,669,3,15.5,35,8,14130,other,mortgage,bachelors,0.481,0.537,1
111400,74600,592,8,25.4,45,4,2170,debt_consolidation,mortgage,high_school,0.67,0.029,0
48600,25900,720,1,21.8,34,4,3290,education,mortgage,graduate,0.533,0.127,1
34200,6600,725,9,13.7,50,4,72470,debt_consolidation,mortgage,bachelors,0.193,10.98,1
58700,28800,702,9,16.5,32,5,690,home_improvement,mortgage,high_school,0.491,0.024,1
59800,43000,694,13,25.4,28,8,11240,major_purchase,rent,bachelors,0.719,0.261,1
99900,39200,827,38,17.3,46,1,23840,home_improvement,mortgage,some_college,0.392,0.608,1
78900,173500,631,0,34.7,35,4,1890,home_improvement,own,bachelors,2.199,0.011,1
63600,39000,793,9,15.8,33,6,1930,debt_consolidation,rent,some_college,0.613,0.049,1
104700,110900,622,10,27.7,52,7,2930,debt_consolidation,mortgage,bachelors,1.059,0.026,1
31700,59100,779,3,42.7,25,6,1870,home_improvement,rent,high_school,1.864,0.032,1
40600,58100,789,5,36.6,32,1,5390,education,rent,bachelors,1.431,0.093,0
35700,33400,660,4,31.0,47,2,17150,home_improvement,mortgage,high_school,0.936,0.513,0
45500,57500,826,10,33.1,24,4,2960,home_improvement,mortgage,high_school,1.264,0.051,1
29200,35000,724,14,21.2,57,7,18030,other,other,high_school,1.199,0.515,1
72100,67400,610,2,25.6,35,5,34940,debt_consolidation,mortgage,some_college,0.935,0.518,1
49000,50700,653,8,31.5,47,5,8990,debt_consolidation,mortgage,bachelors,1.035,0.177,1
27900,30900,781,16,28.4,47,2,10260,debt_consolidation,own,some_college,1.108,0.332,1
34300,119900,763,3,65.0,36,6,2140,medical,rent,some_college,3.496,0.018,0
62400,80700,595,3,29.3,32,1,120,debt_consolidation,mortgage,bachelors,1.293,0.001,0
79000,43800,673,2,21.8,37,8,11160,debt_consolidation,rent,some_college,0.554,0.255,1
133100,66300,702,3,15.6,45,5,14990,debt_consolidation,mortgage,some_college,0.498,0.226,1
201000,56500,641,21,15.4,27,7,6900,debt_consolidation,mortgage,some_college,0.281,0.122,1
65300,32600,704,24,18.7,24,12,17570,home_improvement,mortgage,graduate,0.499,0.539,1
34700,62900,679,17,40.8,54,4,2280,debt_consolidation,mortgage,high_school,1.813,0.036,1
20800,38800,786,5,43.5,29,3,10160,home_improvement,mortgage,high_school,1.865,0.262,1
61100,30900,653,18,17.9,41,3,38600,home_improvement,rent,some_college,0.506,1.249,1
37600,19200,770,2,22.3,35,5,12480,debt_consolidation,rent,bachelors,0.511,0.65,0
44900,46600,543,11,29.4,36,1,32200,debt_consolidation,mortgage,high_school,1.038,0.691,0
41100,89000,646,4,51.1,53,6,32490,debt_consolidation,mortgage,bachelors,2.165,0.365,1
50900,36800,774,2,18.0,37,2,890,major_purchase,rent,some_college,0.723,0.024,1
87500,349600,818,8,65.0,34,2,13450,major_purchase,mortgage,bachelors,3.995,0.038,0
58100,111300,619,8,42.7,35,0,2030,debt_consolidation,rent,high_school,1.916,0.018,1
50400,149200,609,9,64.3,32,6,1040,debt_consolidation,own,bachelors,2.96,0.007,0
34000,104500,733,10,65.0,30,2,3290,debt_consolidation,rent,some_college,3.074,0.031,1
25500,219000,632,8,65.0,32,7,57290,education,mortgage,high_school,8.588,0.262,0
43500,34500,662,6,25.4,56,4,2300,other,mortgage,high_school,0.793,0.067,0
52900,10000,759,7,8.9,45,3,420,home_improvement,mortgage,some_college,0.189,0.042,1
120000,43800,638,11,17.3,34,1,650,other,mortgage,some_college,0.365,0.015,1
57400,88500,517,8,36.9,48,1,9600,debt_consolidation,mortgage,high_school,1.542,0.108,1
84300,66600,574,4,21.3,20,1,1700,major_purchase,mortgage,some_college,0.79,0.026,0
43300,72600,685,3,36.0,53,6,280,major_purchase,mortgage,some_college,1.677,0.004,1
31800,150900,526,6,65.0,52,1,690,home_improvement,mortgage,some_college,4.745,0.005,0
35100,78200,659,16,48.4,62,8,6210,medical,mortgage,high_school,2.228,0.079,0
39100,104700,566,10,52.0,49,8,14640,home_improvement,rent,some_college,2.678,0.14,0
141200,31000,824,16,14.4,42,5,2630,education,rent,graduate,0.22,0.085,1
37400,27800,595,5,26.0,52,3,12190,debt_consolidation,mortgage,some_college,0.743,0.438,0
79000,185300,706,7,53.7,31,3,17690,debt_consolidation,mortgage,bachelors,2.346,0.095,1
36100,64300,603,8,41.3,33,2,1640,debt_consolidation,mortgage,high_school,1.781,0.026,0
82400,38700,658,12,14.7,37,2,4150,debt_consolidation,rent,high_school,0.47,0.107,1
64400,38800,838,5,19.4,53,5,2120,debt_consolidation,rent,graduate,0.602,0.055,1
50500,38000,645,10,21.0,28,3,10450,debt_consolidation,rent,bachelors,0.752,0.275,1
53200,36500,660,15,20.8,27,5,2090,home_improvement,rent,bachelors,0.686,0.057,1
40300,24400,604,6,22.6,40,2,900,medical,rent,some_college,0.605,0.037,0
66200,20900,782,3,13.3,45,5,5290,home_improvement,own,bachelors,0.316,0.253,1
44100,52200,407,15,22.0,30,3,23260,debt_consolidation,mortgage,graduate,1.184,0.446,0
31200,39500,647,11,34.0,45,2,10040,debt_consolidation,rent,high_school,1.266,0.254,1
30500,130000,681,1,65.0,53,4,20120,home_improvement,own,high_school,4.262,0.155,0
58600,73500,628,6,31.2,51,3,17790,debt_consolidation,own,bachelors,1.254,0.242,1
110300,72100,758,22,15.1,41,7,5210,debt_consolidation,rent,high_school,0.654,0.072,1
58200,35600,787,9,15.7,37,2,2130,home_improvement,rent,some_college,0.612,0.06,1
51400,55000,564,6,24.4,57,6,1450,debt_consolidation,own,high_school,1.07,0.026,1
61600,77100,564,2,28.2,38,2,530,debt_consolidation,mortgage,some_college,1.252,0.007,0
97500,98800,794,2,24.3,48,5,25990,other,own,some_college,1.013,0.263,1
59800,56100,697,11,20.2,59,10,3090,major_purchase,own,high_school,0.938,0.055,1
45000,127400,642,3,65.0,47,6,450,other,mortgage,high_school,2.831,0.004,0
89100,60200,650,8,26.2,27,4,27670,major_purchase,rent,some_college,0.676,0.46,1
65700,104300,682,6,37.7,24,2,5610,debt_consolidation,mortgage,some_college,1.588,0.054,0
108100,42500,702,8,14.9,34,7,19050,major_purchase,rent,bachelors,0.393,0.448,1
58800,16800,606,5,20.4,45,2,3410,education,own,bachelors,0.286,0.203,1
31200,72200,665,9,56.1,42,4,1620,other,own,high_school,2.314,0.022,0
29300,99500,619,13,65.0,62,7,9170,home_improvement,mortgage,some_college,3.396,0.092,0
113900,89600,581,6,23.2,42,3,10300,debt_consolidation,rent,bachelors,0.787,0.115,1
117700,80500,615,12,19.6,34,5,3320,major_purchase,rent,bachelors,0.684,0.041,1
50000,46900,587,17,23.8,25,7,30910,debt_consolidation,mortgage,bachelors,0.938,0.659,1
45600,34000,649,8,20.8,50,4,18470,debt_consolidation,mortgage,graduate,0.746,0.543,1
104600,88100,721,11,22.8,37,5,10840,debt_consolidation,own,some_college,0.842,0.123,1
32900,80700,695,2,53.0,21,6,1040,debt_consolidation,own,high_school,2.453,0.013,0
36200,40400,497,6,29.0,38,6,850,home_improvement,own,high_school,1.116,0.021,0
72400,130200,724,1,46.1,27,7,26330,other,own,high_school,1.798,0.202,0
45400,32300,685,4,17.6,33,2,230,major_purchase,rent,bachelors,0.711,0.007,0
54100,39800,754,6,25.1,38,1,4330,major_purchase,rent,high_school,0.736,0.109,1
50300,188200,745,23,65.0,28,6,6030,medical,rent,graduate,3.742,0.032,1
63100,110000,670,3,40.3,32,2,2480,debt_consolidation,rent,bachelors,1.743,0.023,0
102100,46600,699,6,20.4,29,6,4680,home_improvement,rent,graduate,0.456,0.1,1
56400,73200,621,3,33.6,30,6,8850,major_purchase,mortgage,some_college,1.298,0.121,0
72400,66700,737,5,23.3,26,3,2160,debt_consolidation,own,high_school,0.921,0.032,1
21500,8800,525,9,16.5,32,2,16880,debt_consolidation,own,high_school,0.409,1.918,0
53000,31700,751,10,25.4,28,2,11110,major_purchase,own,bachelors,0.598,0.35,1
37100,57800,683,5,33.7,44,6,3820,medical,own,high_school,1.558,0.066,1
31300,46600,643,4,37.1,40,2,1550,debt_consolidation,own,bachelors,1.489,0.033,0
36500,71200,665,18,47.0,51,5,4330,major_purchase,rent,high_school,1.951,0.061,1
46600,132000,671,4,57.4,58,3,94370,major_purchase,mortgage,bachelors,2.833,0.715,1
81800,47800,795,0,25.5,45,6,1700,other,mortgage,some_college,0.584,0.036,1
29800,28600,788,15,33.6,42,3,41900,medical,mortgage,bachelors,0.96,1.465,1
54900,75200,636,1,37.0,46,7,420,debt_consolidation,mortgage,bachelors,1.37,0.006,0
43600,47600,738,15,32.0,43,5,1470,major_purchase,own,high_school,1.092,0.031,0
46700,53700,742,1,21.8,38,6,2300,other,mortgage,graduate,1.15,0.043,1
85100,48800,606,2,13.0,37,9,18560,debt_consolidation,rent,bachelors,0.573,0.38,0
69000,287600,577,2,65.0,26,5,5310,medical,rent,some_college,4.168,0.018,0
98900,12500,679,4,7.6,47,3,30760,home_improvement,rent,graduate,0.126,2.461,1
50500,45600,753,15,26.8,37,3,3080,home_improvement,mortgage,bachelors,0.903,0.068,1
39600,59700,547,2,23.7,53,6,4560,home_improvement,rent,high_school,1.508,0.076,0
49000,34700,623,9,23.2,48,6,3100,home_improvement,rent,high_school,0.708,0.089,1
60400,112400,733,8,40.8,31,6,83860,debt_consolidation,rent,graduate,1.861,0.746,0
58700,105800,688,7,38.3,51,6,1020,medical,mortgage,bachelors,1.802,0.01,0
33300,57900,805,13,46.9,59,7,2410,home_improvement,rent,some_college,1.739,0.042,1
56400,49500,565,7,22.6,23,1,1250,other,mortgage,high_school,0.878,0.025,1
60000,55400,554,8,18.2,43,1,10970,debt_consolidation,mortgage,some_college,0.923,0.198,0
168200,55600,512,11,15.8,42,5,990,medical,mortgage,high_school,0.331,0.018,1
126100,56700,679,4,17.6,50,7,63010,debt_consolidation,mortgage,high_school,0.45,1.111,1
36900,52500,588,6,32.9,34,4,5500,medical,rent,some_college,1.423,0.105,0
47600,71400,681,8,44.4,34,4,8750,education,rent,high_school,1.5,0.123,1
28000,101400,678,12,65.0,35,5,9400,medical,rent,bachelors,3.621,0.093,0
41500,25300,668,6,23.0,38,9,4780,major_purchase,mortgage,bachelors,0.61,0.189,0
62400,28700,613,6,17.6,26,5,5830,debt_consolidation,mortgage,bachelors,0.46,0.203,1
93200,17600,721,9,16.5,45,3,5530,other,mortgage,high_school,0.189,0.314,1
39000,109800,658,6,57.4,35,6,10170,debt_consolidation,rent,high_school,2.815,0.093,0
40400,71300,778,3,35.5,59,5,1550,debt_consolidation,own,bachelors,1.765,0.022,1
20600,85300,669,11,65.0,35,4,1230,debt_consolidation,rent,some_college,4.141,0.014,0
50400,22000,603,7,17.1,42,2,15510,medical,mortgage,high_school,0.437,0.705,0
33600,208900,541,5,65.0,35,2,4900,education,mortgage,bachelors,6.217,0.023,0
42700,39100,670,2,22.0,20,6,300,medical,own,some_college,0.916,0.008,0
36500,67400,577,1,43.2,35,4,2530,home_improvement,own,high_school,1.847,0.038,0
51900,108900,570,9,39.4,46,3,41850,major_purchase,rent,bachelors,2.098,0.384,0
24600,30000,729,3,28.0,44,5,3930,other,mortgage,some_college,1.22,0.131,1
28000,40800,533,1,31.4,34,4,2340,major_purchase,mortgage,some_college,1.457,0.057,0
141200,67900,805,3,18.6,21,7,610,debt_consolidation,own,bachelors,0.481,0.009,1
30400,442500,698,8,65.0,45,4,2220,other,rent,high_school,14.556,0.005,0
33100,73900,681,3,42.7,42,7,960,other,mortgage,some_college,2.233,0.013,1
123800,184300,597,8,32.5,47,7,8960,major_purchase,mortgage,high_school,1.489,0.049,1
200200,139200,749,4,22.9,34,6,5270,home_improvement,rent,graduate,0.695,0.038,1
32000,77500,684,6,52.1,19,3,2950,other,own,some_college,2.422,0.038,0
45900,30000,626,7,16.8,43,5,1690,medical,rent,graduate,0.654,0.056,1
63200,125700,701,11,47.2,37,8,41650,debt_consolidation,rent,some_college,1.989,0.331,0
117900,21000,541,11,17.5,53,4,1830,other,mortgage,bachelors,0.178,0.087,1
34700,183600,545,6,65.0,38,2,1840,major_purchase,mortgage,bachelors,5.291,0.01,0
48500,68900,589,3,24.3,37,3,3500,medical,mortgage,high_school,1.421,0.051,0
76900,9400,714,14,11.1,42,2,4250,home_improvement,rent,bachelors,0.122,0.452,1
65900,47200,684,4,20.3,31,5,9650,debt_consolidation,mortgage,high_school,0.716,0.204,1
45700,94600,774,0,37.1,30,4,18080,debt_consolidation,rent,high_school,2.07,0.191,1
51000,50700,606,8,20.7,36,5,16280,debt_consolidation,rent,some_college,0.994,0.321,0
29200,98800,733,8,65.0,27,6,147540,home_improvement,mortgage,bachelors,3.384,1.493,0
48700,33000,675,5,20.9,35,3,460,major_purchase,mortgage,high_school,0.678,0.014,1
48100,24000,604,1,17.3,59,6,6790,home_improvement,mortgage,bachelors,0.499,0.283,1
60100,57000,717,1,22.5,49,4,2370,debt_consolidation,mortgage,bachelors,0.948,0.042,0
42200,61200,679,5,38.4,41,3,81930,debt_consolidation,rent,some_college,1.45,1.339,0
67000,46900,631,2,15.7,55,5,6280,medical,rent,high_school,0.7,0.134,1
85500,141400,688,12,34.2,28,5,290,medical,rent,bachelors,1.654,0.002,1
58100,33000,673,5,17.0,65,2,9030,debt_consolidation,mortgage,high_school,0.568,0.274,1
63500,74500,671,4,23.0,32,4,7140,debt_consolidation,mortgage,high_school,1.173,0.096,0
55500,62800,649,21,24.8,60,5,14200,debt_consolidation,mortgage,high_school,1.132,0.226,1
54200,20100,574,0,18.9,59,0,1780,major_purchase,other,high_school,0.371,0.089,0
39200,23800,691,6,15.6,18,5,7780,medical,rent,bachelors,0.607,0.327,1
62500,60400,616,1,28.5,54,3,3370,medical,own,some_college,0.966,0.056,1
51900,239600,598,15,65.0,34,6,1920,education,other,graduate,4.617,0.008,0
139000,89800,664,1,19.0,31,7,7940,medical,mortgage,bachelors,0.646,0.088,1
110000,17900,747,8,5.3,43,2,6090,home_improvement,rent,graduate,0.163,0.34,1
64400,6800,700,7,10.2,26,6,21380,debt_consolidation,rent,bachelors,0.106,3.144,1
38400,100000,639,1,46.4,43,4,5100,debt_consolidation,rent,high_school,2.604,0.051,0
32800,56000,636,8,36.6,27,0,11450,debt_consolidation,rent,high_school,1.707,0.204,0
92600,133100,739,4,34.8,39,2,910,debt_consolidation,rent,high_school,1.437,0.007,1
61000,32300,481,10,21.0,52,2,34620,debt_consolidation,own,bachelors,0.53,1.072,1
67200,76500,752,4,27.9,42,4,1660,debt_consolidation,rent,bachelors,1.138,0.022,1
24700,108300,525,8,65.0,34,5,17400,debt_consolidation,rent,high_school,4.385,0.161,0
82200,43800,564,6,14.8,43,3,7100,education,mortgage,bachelors,0.533,0.162,1
66500,44400,641,8,18.1,22,12,5950,home_improvement,rent,high_school,0.668,0.134,0
32900,60900,827,10,43.8,28,6,14250,debt_consolidation,rent,bachelors,1.851,0.234,1
43800,87500,745,5,45.4,33,2,250,debt_consolidation,mortgage,some_college,1.998,0.003,1
61000,59300,715,4,25.4,46,4,2200,major_purchase,mortgage,high_school,0.972,0.037,0
55500,118400,526,9,48.9,42,6,13970,other,mortgage,some_college,2.133,0.118,0
47500,43300,698,4,24.4,43,5,72470,debt_consolidation,mortgage,graduate,0.912,1.674,1
51700,23600,638,5,10.9,37,7,4750,education,mortgage,bachelors,0.456,0.201,1
48400,238900,615,18,65.0,29,8,160,other,rent,some_college,4.936,0.001,0
58000,39200,698,6,22.6,54,2,3150,medical,own,some_college,0.676,0.08,1
105000,40200,644,11,9.4,30,4,4520,major_purchase,mortgage,some_college,0.383,0.112,1
17100,57200,758,3,65.0,42,2,23230,debt_consolidation,mortgage,high_school,3.345,0.406,1
48700,62800,520,8,30.8,36,5,5260,debt_consolidation,rent,bachelors,1.29,0.084,0
58700,45700,691,5,17.9,44,7,820,medical,rent,high_school,0.779,0.018,1
61900,59100,610,5,18.5,31,3,18940,other,own,some_college,0.955,0.32,0
45800,58200,650,1,26.2,49,3,10890,major_purchase,mortgage,high_school,1.271,0.187,1
24600,67700,710,2,50.3,53,3,1850,debt_consolidation,rent,bachelors,2.752,0.027,0
62800,11500,590,22,13.7,48,8,13460,debt_consolidation,mortgage,high_school,0.183,1.17,0
117900,223400,698,6,43.7,39,5,2290,debt_consolidation,rent,some_college,1.895,0.01,1
27200,54000,666,6,40.7,33,8,3240,other,own,some_college,1.985,0.06,0
79900,89900,628,12,22.8,69,3,2340,debt_consolidation,mortgage,bachelors,1.125,0.026,1
46700,22800,645,8,21.5,27,4,3180,debt_consolidation,rent,graduate,0.488,0.139,1
52700,43100,671,5,24.5,47,2,17490,home_improvement,mortgage,high_school,0.818,0.406,0
33700,37400,619,5,25.5,41,5,400,debt_consolidation,rent,high_school,1.11,0.011,0
46600,167500,685,2,65.0,37,2,23060,debt_consolidation,other,bachelors,3.594,0.138,1
97200,39700,661,9,15.9,40,5,6290,debt_consolidation,mortgage,high_school,0.408,0.158,1
70400,101800,633,9,35.3,32,3,2850,home_improvement,mortgage,high_school,1.446,0.028,1
118100,38000,820,6,9.6,42,0,5060,debt_consolidation,rent,high_school,0.322,0.133,1
92000,43600,720,6,10.5,41,4,1380,debt_consolidation,rent,high_school,0.474,0.032,1
66000,50400,652,9,15.5,67,4,500,home_improvement,own,some_college,0.764,0.01,1
118700,147100,697,2,38.6,49,4,1430,medical,mortgage,some_college,1.239,0.01,0
66000,15900,597,8,9.0,43,10,350,major_purchase,mortgage,some_college,0.241,0.022,1
78600,23800,647,18,13.7,44,7,740,major_purchase,mortgage,some_college,0.303,0.031,1
47400,15300,657,3,15.6,58,1,510,home_improvement,rent,high_school,0.323,0.033,0
55800,28000,579,5,16.9,27,2,27260,medical,rent,bachelors,0.502,0.974,0
39600,33900,717,15,22.8,35,7,810,debt_consolidation,rent,some_college,0.856,0.024,0
84600,19300,642,6,11.4,44,5,4640,debt_consolidation,rent,bachelors,0.228,0.24,1
31900,35800,654,11,30.1,47,2,23470,major_purchase,rent,graduate,1.122,0.656,1
77000,14600,636,8,7.3,27,1,16160,debt_consolidation,mortgage,some_college,0.19,1.107,1
49700,29400,628,9,16.9,53,9,3250,debt_consolidation,own,graduate,0.592,0.111,1
91800,138700,509,3,26.0,30,13,3270,debt_consolidation,mortgage,high_school,1.511,0.024,0
76000,79400,549,3,19.4,34,11,6320,education,mortgage,some_college,1.045,0.08,1
122900,68300,749,10,12.8,39,8,94570,education,rent,bachelors,0.556,1.385,1
75300,29700,798,1,18.5,55,2,8760,debt_consolidation,rent,high_school,0.394,0.295,1
26700,20400,627,5,20.7,28,4,12530,debt_consolidation,mortgage,bachelors,0.764,0.614,1
52600,27000,793,9,20.0,41,7,117350,debt_consolidation,own,graduate,0.513,4.346,1
32000,58100,748,5,42.2,46,3,7250,debt_consolidation,mortgage,graduate,1.816,0.125,1
42900,109900,668,6,55.2,44,3,24510,debt_consolidation,mortgage,some_college,2.562,0.223,0
106900,112600,662,12,23.2,44,4,9590,debt_consolidation,rent,bachelors,1.053,0.085,0
72200,93100,700,16,31.5,46,7,9400,major_purchase,rent,bachelors,1.289,0.101,1
39600,35700,759,28,25.2,31,5,1280,other,mortgage,some_college,0.902,0.036,1
34300,60900,718,15,48.8,56,7,1010,debt_consolidation,rent,some_college,1.776,0.017,0
55000,47800,627,4,22.3,36,0,2400,debt_consolidation,rent,bachelors,0.869,0.05,0
31300,52000,670,3,40.8,35,4,16890,major_purchase,mortgage,some_college,1.661,0.325,1
40100,249200,706,4,65.0,52,9,15810,debt_consolidation,own,bachelors,6.214,0.063,0
62300,17400,758,9,10.2,31,1,31780,debt_consolidation,own,high_school,0.279,1.826,1
91100,50800,730,5,21.5,41,4,4840,debt_consolidation,rent,bachelors,0.558,0.095,0
71200,139800,708,3,50.9,30,10,10430,major_purchase,rent,some_college,1.963,0.075,0
19300,21500,694,18,29.1,65,2,10500,debt_consolidation,rent,high_school,1.114,0.488,1
62100,38200,761,4,16.3,63,8,4230,debt_consolidation,rent,bachelors,0.615,0.111,1
56000,41300,746,9,23.1,36,6,3130,medical,mortgage,some_college,0.738,0.076,1
65300,51200,707,9,23.2,43,4,610,debt_consolidation,mortgage,bachelors,0.784,0.012,1
112100,19600,626,1,20.0,38,5,3970,education,own,high_school,0.175,0.203,1
21400,90800,717,17,65.0,34,3,4250,home_improvement,rent,high_school,4.243,0.047,0
41500,95500,679,2,45.7,39,7,24060,debt_consolidation,mortgage,bachelors,2.301,0.252,1
70700,85500,658,1,34.9,37,5,27620,debt_consolidation,rent,some_college,1.209,0.323,0
26600,32600,554,4,33.2,21,6,6030,education,mortgage,some_college,1.226,0.185,0
105300,63600,766,3,22.6,40,6,88320,debt_consolidation,mortgage,some_college,0.604,1.389,1
63900,31900,611,15,18.8,37,4,6410,debt_consolidation,rent,some_college,0.499,0.201,0
79300,47400,696,8,22.8,41,3,20870,debt_consolidation,rent,graduate,0.598,0.44,1
41900,270300,603,4,65.0,37,8,4270,other,rent,high_school,6.451,0.016,0
78100,64000,623,1,21.7,34,1,1000,other,own,some_college,0.819,0.016,0
87600,26100,683,8,13.9,47,4,2710,major_purchase,own,some_college,0.298,0.104,1
60200,67900,612,5,27.8,43,7,38700,debt_consolidation,mortgage,high_school,1.128,0.57,1
60200,23200,760,9,16.3,53,6,3400,debt_consolidation,mortgage,bachelors,0.385,0.147,1
61200,25900,639,8,15.9,43,2,2560,debt_consolidation,own,high_school,0.423,0.099,1
36700,28900,740,3,20.9,35,5,4890,debt_consolidation,mortgage,high_school,0.787,0.169,1
50700,43900,572,10,22.9,44,2,2850,other,rent,some_college,0.866,0.065,1
50600,115400,531,2,49.0,61,9,26140,major_purchase,mortgage,some_college,2.281,0.227,0
64400,89800,665,5,26.0,41,2,68850,debt_consolidation,mortgage,graduate,1.394,0.767,0
85000,86300,551,5,30.4,62,5,4960,medical,rent,bachelors,1.015,0.057,0
33600,27700,814,6,24.2,28,7,10470,debt_consolidation,own,high_school,0.824,0.378,1
51200,41000,554,1,20.0,25,6,19160,home_improvement,mortgage,high_school,0.801,0.467,0
105500,72400,596,15,22.7,42,5,5720,debt_consolidation,own,bachelors,0.686,0.079,1
38800,38600,720,3,23.9,41,8,1440,home_improvement,mortgage,high_school,0.995,0.037,0
37400,49300,635,1,29.7,41,3,2770,debt_consolidation,rent,high_school,1.318,0.056,1
59300,81500,555,8,34.2,40,7,8750,debt_consolidation,own,graduate,1.374,0.107,0
79200,46900,599,22,24.4,31,6,8530,other,own,bachelors,0.592,0.182,1
54500,70100,668,1,32.3,21,6,400,other,mortgage,some_college,1.286,0.006,1
98500,182600,667,12,38.3,41,5,2670,home_improvement,own,high_school,1.854,0.015,1
79700,53100,745,6,18.6,23,3,1750,medical,mortgage,bachelors,0.666,0.033,1
79100,136700,724,2,42.5,22,6,16900,debt_consolidation,mortgage,some_college,1.728,0.124,0
69500,88600,614,5,32.6,33,7,1850,debt_consolidation,mortgage,some_college,1.275,0.021,1
154400,21400,657,18,14.3,42,1,2580,debt_consolidation,rent,some_college,0.139,0.121,1
49400,27700,665,16,19.7,59,4,2450,debt_consolidation,mortgage,graduate,0.561,0.088,1
22000,33400,748,32,38.4,48,4,14880,home_improvement,own,high_school,1.518,0.446,1
111500,32900,585,11,21.4,53,7,19080,medical,mortgage,bachelors,0.295,0.58,1
44100,56200,620,4,25.5,45,6,9810,medical,own,bachelors,1.274,0.175,0
56900,92100,684,12,46.8,42,5,23130,home_improvement,own,some_college,1.619,0.251,0
97700,144200,586,3,38.3,65,5,27710,home_improvement,mortgage,graduate,1.476,0.192,0
26300,74300,574,6,65.0,23,5,390,major_purchase,mortgage,high_school,2.825,0.005,0
30800,43800,610,3,29.7,33,7,11260,other,own,bachelors,1.422,0.257,0
26400,13900,602,10,19.0,34,4,2930,debt_consolidation,mortgage,some_college,0.527,0.211,1
37900,62900,649,10,38.5,47,3,850,home_improvement,mortgage,some_college,1.66,0.014,1
66000,61000,601,3,28.2,27,3,3140,other,mortgage,bachelors,0.924,0.051,1
68600,68100,744,14,27.7,46,4,13670,home_improvement,own,bachelors,0.993,0.201,1
61300,261500,618,17,65.0,44,4,37700,medical,rent,some_college,4.266,0.144,0
28700,142700,609,4,65.0,46,4,750,home_improvement,rent,some_college,4.972,0.005,0
19200,103700,651,9,65.0,46,1,11680,other,rent,some_college,5.401,0.113,1
55500,30500,769,18,15.8,54,3,77020,education,mortgage,graduate,0.55,2.525,1
43800,41800,703,8,27.0,37,2,63770,home_improvement,mortgage,bachelors,0.954,1.526,1
66600,56000,676,5,21.1,43,6,103820,debt_consolidation,rent,some_college,0.841,1.854,1
74300,34800,563,6,15.9,29,2,18870,home_improvement,mortgage,some_college,0.468,0.542,1
57700,85000,587,4,28.8,27,2,190,debt_consolidation,rent,graduate,1.473,0.002,1
76300,76900,576,14,26.4,57,6,1680,debt_consolidation,rent,bachelors,1.008,0.022,0
60100,28000,796,13,12.7,29,6,28590,home_improvement,mortgage,bachelors,0.466,1.021,1
68800,138400,730,3,44.1,45,1,8140,home_improvement,mortgage,bachelors,2.012,0.059,0
39500,64300,611,4,33.0,43,3,2200,education,mortgage,high_school,1.628,0.034,0
50000,17800,637,1,14.3,50,6,5390,debt_consolidation,mortgage,high_school,0.356,0.303,1
59200,57800,614,9,29.2,19,4,10550,debt_consolidation,rent,some_college,0.976,0.183,1
78400,72900,609,2,22.4,47,3,2180,major_purchase,mortgage,some_college,0.93,0.03,1
45400,118300,724,24,51.2,37,4,4110,major_purchase,mortgage,bachelors,2.606,0.035,1
68500,47300,660,3,23.6,31,10,17250,debt_consolidation,mortgage,bachelors,0.691,0.365,1
48100,106900,791,0,51.7,35,7,1840,debt_consolidation,rent,graduate,2.222,0.017,0
51400,68300,796,2,33.6,49,1,740,debt_consolidation,mortgage,high_school,1.329,0.011,1
78700,23800,742,8,11.6,46,6,2010,education,mortgage,bachelors,0.302,0.084,1
22100,22200,649,6,23.6,36,3,1420,debt_consolidation,rent,graduate,1.005,0.064,1
30200,131400,735,3,65.0,25,5,2110,home_improvement,rent,high_school,4.351,0.016,0
27800,138300,655,5,65.0,26,4,440,other,rent,high_school,4.975,0.003,0
19000,75100,823,4,65.0,46,1,6840,debt_consolidation,rent,graduate,3.953,0.091,0
39900,170600,719,9,65.0,23,8,16560,education,rent,high_school,4.276,0.097,0
75900,125400,707,2,42.7,36,4,1580,medical,rent,bachelors,1.652,0.013,1
47700,96600,695,7,45.3,67,5,1970,home_improvement,rent,some_college,2.025,0.02,1
59200,31600,832,7,22.5,43,2,3780,other,mortgage,some_college,0.534,0.12,1
88400,201200,563,6,53.0,46,6,1370,debt_consolidation,rent,graduate,2.276,0.007,0
98500,87200,841,8,22.7,26,6,19480,education,rent,some_college,0.885,0.223,1
52500,45700,669,5,22.5,24,6,1420,debt_consolidation,mortgage,some_college,0.87,0.031,1
99600,37500,565,10,18.6,46,4,2350,debt_consolidation,rent,high_school,0.377,0.063,0
56500,71700,621,6,33.9,34,8,1690,debt_consolidation,other,high_school,1.269,0.024,0
37200,18600,544,14,20.9,50,5,20140,home_improvement,mortgage,some_college,0.5,1.083,1
41500,97700,740,7,50.3,39,9,3560,debt_consolidation,mortgage,bachelors,2.354,0.036,0
27800,30700,596,14,28.4,32,2,80050,debt_consolidation,mortgage,high_school,1.104,2.607,0
36300,77600,699,4,45.5,42,3,8060,debt_consolidation,rent,some_college,2.138,0.104,1
46100,41600,781,2,24.0,29,4,24880,debt_consolidation,other,some_college,0.902,0.598,1
77800,49800,627,10,16.8,50,7,3120,debt_consolidation,mortgage,bachelors,0.64,0.063,1
117500,35200,662,6,13.1,43,5,1310,major_purchase,rent,high_school,0.3,0.037,1
29100,53500,574,0,40.5,28,1,4690,major_purchase,rent,graduate,1.838,0.088,1
64700,224700,651,3,65.0,35,5,1900,major_purchase,rent,graduate,3.473,0.008,0
33900,157900,751,8,65.0,54,14,300,major_purchase,mortgage,high_school,4.658,0.002,0
67100,76700,662,6,22.9,52,7,20310,debt_consolidation,mortgage,some_college,1.143,0.265,1
51100,58800,633,3,30.1,23,6,5150,debt_consolidation,mortgage,bachelors,1.151,0.088,1
23800,108100,681,6,65.0,33,7,1840,medical,own,high_school,4.542,0.017,0
82300,132100,696,7,33.5,59,4,8320,home_improvement,mortgage,bachelors,1.605,0.063,1
41300,33500,649,1,19.6,37,1,5250,major_purchase,mortgage,graduate,0.811,0.157,1
42600,56700,730,14,33.8,41,10,35370,debt_consolidation,rent,bachelors,1.331,0.624,0
33500,16700,603,16,7.9,50,6,9010,debt_consolidation,rent,high_school,0.499,0.54,1
40400,131400,603,3,65.0,24,6,3950,home_improvement,own,high_school,3.252,0.03,0
65700,254100,716,22,65.0,28,4,12980,major_purchase,rent,some_college,3.868,0.051,0
49800,63300,585,6,27.0,35,1,4670,other,own,high_school,1.271,0.074,0
62800,13500,746,3,12.6,52,9,6360,home_improvement,mortgage,bachelors,0.215,0.471,1
63800,91700,683,3,29.0,50,4,27350,medical,own,some_college,1.437,0.298,0
98200,31800,529,21,13.7,47,6,960,major_purchase,mortgage,bachelors,0.324,0.03,1
46400,37600,694,2,17.6,37,5,1470,other,rent,bachelors,0.81,0.039,1
27900,92800,541,7,65.0,51,6,2730,education,mortgage,high_school,3.326,0.029,0
87600,71600,743,8,26.2,37,6,3350,debt_consolidation,own,bachelors,0.817,0.047,1
46700,42500,663,10,25.4,45,5,24810,debt_consolidation,mortgage,bachelors,0.91,0.584,1
89500,38000,842,6,11.8,49,3,680,other,rent,some_college,0.425,0.018,1
64400,65400,776,20,25.2,57,10,4720,major_purchase,mortgage,bachelors,1.016,0.072,1
51100,45000,594,22,22.9,38,6,2270,home_improvement,rent,high_school,0.881,0.05,1
63400,27500,513,17,16.8,35,2,53140,major_purchase,mortgage,bachelors,0.434,1.932,0
130300,47400,620,8,16.1,53,3,16940,debt_consolidation,mortgage,graduate,0.364,0.357,1
137900,75900,581,12,18.8,54,6,6860,medical,mortgage,bachelors,0.55,0.09,1
55900,52900,840,5,26.4,33,1,19080,home_improvement,rent,high_school,0.946,0.361,1
58200,22300,684,14,14.2,26,1,770,education,rent,some_college,0.383,0.035,1
87900,119700,764,4,33.9,52,2,83990,major_purchase,own,graduate,1.362,0.702,1
37000,8800,660,3,9.7,21,7,1510,debt_consolidation,mortgage,bachelors,0.238,0.172,1
62900,43800,669,2,16.3,20,4,28560,other,mortgage,some_college,0.696,0.652,1
53500,38800,682,9,28.4,36,6,10640,home_improvement,rent,bachelors,0.725,0.274,1
62400,66400,779,18,28.8,39,4,7120,medical,rent,high_school,1.064,0.107,1
37200,88700,711,19,58.1,26,4,26940,debt_consolidation,mortgage,graduate,2.384,0.304,0
26500,131800,595,0,65.0,40,8,19840,home_improvement,mortgage,some_college,4.974,0.151,0
21300,36400,822,13,48.4,40,1,5710,medical,mortgage,high_school,1.709,0.157,1
32800,90300,660,2,57.9,32,3,2720,major_purchase,rent,high_school,2.753,0.03,0
44100,68700,646,28,40.6,60,2,5840,other,mortgage,high_school,1.558,0.085,1
47500,18100,444,2,15.0,42,2,4260,medical,own,bachelors,0.381,0.235,0
129500,226500,738,1,40.1,50,5,8070,debt_consolidation,rent,bachelors,1.749,0.036,1
89100,21900,693,13,12.0,21,4,20510,education,own,bachelors,0.246,0.937,1
35100,80300,693,4,47.2,21,3,9470,other,rent,some_college,2.288,0.118,0
63400,78700,650,4,34.3,43,4,6370,other,mortgage,bachelors,1.241,0.081,0
45100,72600,636,3,36.9,58,7,1970,other,rent,bachelors,1.61,0.027,0
47700,42400,653,3,27.3,26,5,7740,major_purchase,mortgage,bachelors,0.889,0.183,1
58900,106800,724,13,44.3,39,1,460,medical,own,bachelors,1.813,0.004,1
71600,20100,739,2,18.7,24,3,1610,major_purchase,rent,high_school,0.281,0.08,1
46500,57200,665,5,31.8,30,4,11480,debt_consolidation,rent,bachelors,1.23,0.201,1
87400,40300,765,2,10.3,40,3,16970,education,mortgage,high_school,0.461,0.421,1
32400,37300,678,7,27.4,32,4,4770,debt_consolidation,rent,bachelors,1.151,0.128,1
54300,80800,642,4,34.7,23,3,6510,home_improvement,mortgage,some_college,1.488,0.081,0
174400,127300,701,9,21.2,23,4,8250,debt_consolidation,mortgage,high_school,0.73,0.065,1
59900,47100,569,10,27.4,43,4,12760,debt_consolidation,own,high_school,0.786,0.271,1
103300,103400,704,18,30.6,44,4,3710,medical,mortgage,graduate,1.001,0.036,1
56500,62000,553,27,27.2,44,2,1240,home_improvement,mortgage,some_college,1.097,0.02,0
70400,32100,597,3,25.9,27,2,8450,home_improvement,rent,some_college,0.456,0.263,0
52800,50000,513,11,23.7,49,4,76240,home_improvement,rent,graduate,0.947,1.525,0
50200,48600,670,4,24.4,45,10,1350,major_purchase,own,some_college,0.968,0.028,0
38100,36800,821,9,21.0,38,8,4110,debt_consolidation,rent,bachelors,0.966,0.112,1
65800,80800,675,9,23.9,36,3,2860,home_improvement,own,bachelors,1.228,0.035,1
36900,70600,739,9,37.7,30,11,144130,debt_consolidation,own,bachelors,1.913,2.042,1
73100,19700,719,11,16.9,40,6,1280,other,own,high_school,0.269,0.065,1
88300,18800,619,7,14.8,55,5,3930,debt_consolidation,mortgage,graduate,0.213,0.209,1
63900,80600,631,4,27.2,50,6,2950,other,rent,bachelors,1.261,0.037,1
47600,33800,685,7,21.2,35,6,850,debt_consolidation,mortgage,some_college,0.71,0.025,1
66500,74000,631,25,31.3,43,6,790,debt_consolidation,rent,bachelors,1.113,0.011,1
47200,103400,637,4,39.3,25,6,10890,other,mortgage,high_school,2.191,0.105,0
82500,24600,768,5,20.5,46,4,13250,major_purchase,mortgage,high_school,0.298,0.539,1
23800,22300,772,3,29.1,28,5,2250,debt_consolidation,mortgage,bachelors,0.937,0.101,0
46600,193300,545,1,65.0,45,3,35330,major_purchase,rent,bachelors,4.148,0.183,0
22100,76600,615,6,65.0,70,5,210,debt_consolidation,mortgage,some_college,3.466,0.003,0
27600,44600,645,10,28.9,31,5,840,debt_consolidation,mortgage,bachelors,1.616,0.019,1
100100,31100,735,3,12.7,70,4,1550,debt_consolidation,mortgage,graduate,0.311,0.05,1
81100,41900,782,16,22.3,43,3,4850,debt_consolidation,rent,high_school,0.517,0.116,1
39200,26000,645,9,19.9,29,7,2610,debt_consolidation,mortgage,some_college,0.663,0.1,1
27600,111100,649,13,65.0,29,4,3710,home_improvement,other,some_college,4.025,0.033,0
14300,34800,735,8,57.6,64,4,9690,education,mortgage,graduate,2.434,0.278,1
42400,128700,627,5,65.0,43,4,37790,debt_consolidation,mortgage,high_school,3.035,0.294,0
161000,45200,673,4,12.0,31,6,15110,debt_consolidation,rent,some_college,0.281,0.334,1
65900,28800,649,8,18.2,35,3,5320,debt_consolidation,mortgage,graduate,0.437,0.185,1
42100,44400,462,8,20.3,42,4,4390,other,own,bachelors,1.055,0.099,1
66800,9500,695,4,12.5,37,3,22970,debt_consolidation,rent,high_school,0.142,2.418,1
26800,55000,669,5,47.9,41,4,68730,debt_consolidation,mortgage,graduate,2.052,1.25,0
47400,53200,793,22,28.8,57,4,12010,other,mortgage,high_school,1.122,0.226,1
56700,106700,685,7,46.5,25,1,2470,home_improvement,mortgage,some_college,1.882,0.023,0
52100,16000,578,7,14.6,45,7,7070,debt_consolidation,rent,high_school,0.307,0.442,1
77300,135000,663,19,40.0,37,4,11070,major_purchase,mortgage,bachelors,1.746,0.082,0
63300,106300,507,8,45.6,32,4,2260,debt_consolidation,rent,some_college,1.679,0.021,1
73200,143800,582,6,39.5,49,7,16520,debt_consolidation,other,bachelors,1.964,0.115,0
39700,57700,739,13,39.7,21,6,7110,major_purchase,rent,some_college,1.453,0.123,0
81100,121800,663,11,40.3,40,5,25100,other,mortgage,some_college,1.502,0.206,1
112800,21400,763,8,14.8,36,5,1250,other,rent,bachelors,0.19,0.058,1
35000,98600,517,8,57.1,23,2,430,major_purchase,rent,bachelors,2.817,0.004,0
36300,34900,664,5,26.7,19,4,2840,debt_consolidation,mortgage,some_college,0.961,0.081,1
98800,18800,644,2,8.2,59,4,5080,home_improvement,rent,some_college,0.19,0.27,1
49700,27300,766,10,15.6,43,4,390,other,mortgage,some_college,0.549,0.014,1
101900,60100,742,1,19.1,38,3,2100,major_purchase,own,some_college,0.59,0.035,1
44400,33600,739,2,18.1,62,5,29640,debt_consolidation,rent,bachelors,0.757,0.882,1
104300,77900,816,5,20.5,49,4,10370,other,mortgage,high_school,0.747,0.133,1
57500,16900,653,5,8.9,57,5,5960,other,mortgage,some_college,0.294,0.353,1
60900,13500,798,11,14.6,25,4,1120,debt_consolidation,mortgage,bachelors,0.222,0.083,1
109500,156500,596,13,40.3,24,8,28290,major_purchase,mortgage,graduate,1.429,0.181,0
46000,112700,593,24,60.9,44,4,2740,education,rent,high_school,2.45,0.024,0
35500,28700,748,1,18.4,42,5,5610,debt_consolidation,rent,high_school,0.808,0.195,0
44300,59700,557,9,28.8,51,7,8690,other,rent,bachelors,1.348,0.146,0
66400,122200,733,9,40.9,20,4,6250,debt_consolidation,other,graduate,1.84,0.051,0
26800,80300,693,8,65.0,45,2,39680,debt_consolidation,own,bachelors,2.996,0.494,0
72200,66400,776,10,24.2,48,2,10990,other,own,some_college,0.92,0.166,1
42500,128900,679,11,65.0,48,3,7890,other,rent,high_school,3.033,0.061,0
90800,35900,689,17,17.7,33,2,4350,debt_consolidation,rent,graduate,0.395,0.121,0
18400,61200,728,8,61.3,43,5,9000,education,rent,bachelors,3.326,0.147,0
38000,59100,628,20,36.7,29,5,3660,major_purchase,rent,bachelors,1.555,0.062,1
25400,49500,624,8,38.6,34,6,6410,education,own,graduate,1.949,0.129,1
37400,45600,725,4,28.1,26,11,3050,home_improvement,rent,bachelors,1.219,0.067,0
60600,63000,682,8,25.5,29,6,2440,other,mortgage,high_school,1.04,0.039,1
50000,61300,650,3,33.5,35,6,1360,medical,mortgage,high_school,1.226,0.022,0
48300,28700,677,3,19.0,32,7,3360,medical,rent,high_school,0.594,0.117,0
50400,105000,820,6,44.1,29,6,3070,home_improvement,rent,graduate,2.083,0.029,1
59400,30200,647,5,26.0,23,1,63650,debt_consolidation,mortgage,some_college,0.508,2.108,1
34400,51400,644,16,31.8,59,4,19710,debt_consolidation,rent,bachelors,1.494,0.383,0
74500,48700,539,6,21.4,32,6,4070,debt_consolidation,rent,some_college,0.654,0.084,0
73000,76900,681,2,30.1,41,8,2720,other,mortgage,some_college,1.053,0.035,0
64400,13600,740,6,12.9,18,6,11630,major_purchase,own,some_college,0.211,0.855,1
69600,111700,756,8,33.7,52,9,74550,home_improvement,own,graduate,1.605,0.667,1
61900,37300,694,7,15.5,39,3,14990,debt_consolidation,mortgage,some_college,0.603,0.402,0
135400,140600,766,2,29.6,33,6,440,medical,mortgage,bachelors,1.038,0.003,1
52100,42800,747,18,27.4,33,9,16460,home_improvement,mortgage,high_school,0.821,0.385,1
47200,57900,779,1,30.3,47,5,21090,medical,own,some_college,1.227,0.364,1
38600,228600,768,7,65.0,28,4,106820,debt_consolidation,mortgage,high_school,5.922,0.467,0
34000,49300,818,2,34.6,36,2,3470,debt_consolidation,mortgage,some_college,1.45,0.07,1
30900,142500,670,13,65.0,36,6,5970,debt_consolidation,rent,bachelors,4.612,0.042,0
36300,61500,572,9,34.9,65,7,9230,debt_consolidation,mortgage,high_school,1.694,0.15,0
52500,80100,741,8,34.6,34,2,1690,major_purchase,own,some_college,1.526,0.021,1
63000,62900,751,5,26.6,48,3,1490,major_purchase,mortgage,high_school,0.998,0.024,1
55400,108400,818,16,48.0,57,4,8600,home_improvement,rent,graduate,1.957,0.079,1
38400,37100,793,5,23.7,45,3,570,medical,mortgage,high_school,0.966,0.015,1
81200,30100,737,21,17.1,30,6,780,other,rent,bachelors,0.371,0.026,1
75600,38300,704,3,23.1,23,5,15400,medical,mortgage,bachelors,0.507,0.402,1
50400,64200,567,6,25.4,46,6,9870,major_purchase,own,graduate,1.274,0.154,1
40400,51300,711,11,26.1,56,7,28270,home_improvement,mortgage,bachelors,1.27,0.551,1
69300,98400,638,9,33.6,44,2,9400,home_improvement,rent,bachelors,1.42,0.096,1
59000,149200,702,6,57.9,51,1,4990,debt_consolidation,rent,some_college,2.529,0.033,1
28200,30200,689,1,29.1,66,7,29870,debt_consolidation,mortgage,bachelors,1.071,0.989,0
52500,35800,725,7,25.0,47,2,2720,debt_consolidation,other,bachelors,0.682,0.076,1
61000,21900,676,5,8.1,25,9,3080,home_improvement,mortgage,some_college,0.359,0.141,0
36100,248000,764,4,65.0,38,7,4490,debt_consolidation,mortgage,bachelors,6.87,0.018,0
59000,74100,453,12,19.7,53,6,9230,home_improvement,rent,graduate,1.256,0.125,1
28200,83800,701,1,65.0,35,4,4480,education,mortgage,high_school,2.972,0.053,0
98800,23400,787,6,17.5,54,4,610,debt_consolidation,rent,bachelors,0.237,0.026,1
95000,59800,843,0,18.5,37,5,3380,debt_consolidation,mortgage,high_school,0.629,0.057,1
48400,85500,747,9,31.0,41,3,4700,home_improvement,own,some_college,1.767,0.055,1
63800,50200,828,12,21.8,34,6,5770,home_improvement,own,bachelors,0.787,0.115,1
18300,127100,699,7,65.0,39,2,2620,debt_consolidation,rent,some_college,6.945,0.021,0
32200,302000,685,4,65.0,40,4,9980,major_purchase,rent,high_school,9.379,0.033,0
47500,30900,730,16,27.5,20,6,520,debt_consolidation,other,bachelors,0.651,0.017,1
33400,29300,684,17,23.0,33,3,8800,home_improvement,rent,high_school,0.877,0.3,1
74700,32400,618,8,24.4,24,5,60480,major_purchase,rent,some_college,0.434,1.867,1
133100,184300,641,19,25.3,33,5,2100,home_improvement,mortgage,high_school,1.385,0.011,0
31900,124200,590,3,65.0,29,6,5330,other,rent,graduate,3.893,0.043,0
37200,54500,729,6,29.6,49,2,3480,debt_consolidation,mortgage,some_college,1.465,0.064,1
60200,61400,685,0,29.7,49,4,3560,home_improvement,mortgage,bachelors,1.02,0.058,1
111900,33800,654,2,9.0,44,4,1160,debt_consolidation,rent,some_college,0.302,0.034,1
31300,111600,636,2,65.0,24,3,79870,other,own,some_college,3.565,0.716,0
60600,45900,727,9,24.8,36,3,8430,debt_consolidation,mortgage,high_school,0.757,0.184,1
123000,49900,751,2,16.5,23,4,1920,home_improvement,rent,some_college,0.406,0.038,1
25800,91700,588,3,65.0,36,6,1640,home_improvement,rent,bachelors,3.554,0.018,0
30400,52500,575,4,35.3,45,5,5360,other,mortgage,bachelors,1.727,0.102,0
44800,50800,766,2,31.2,48,2,240,home_improvement,mortgage,high_school,1.134,0.005,1
42900,60300,568,7,31.7,43,3,21460,home_improvement,mortgage,some_college,1.406,0.356,0
78100,104500,731,8,35.6,51,2,2390,major_purchase,own,some_college,1.338,0.023,1
60400,189600,822,1,65.0,40,3,8470,major_purchase,own,bachelors,3.139,0.045,0
24400,90200,822,11,65.0,35,2,9040,debt_consolidation,rent,bachelors,3.697,0.1,1
68300,105100,747,3,41.4,47,6,18990,debt_consolidation,own,some_college,1.539,0.181,1
41800,52100,745,4,31.6,47,10,9800,debt_consolidation,mortgage,bachelors,1.246,0.188,1
96100,36500,486,9,17.6,32,4,13910,home_improvement,mortgage,bachelors,0.38,0.381,0
40800,94600,645,4,44.9,42,5,20470,home_improvement,other,some_college,2.319,0.216,0
40700,67500,757,2,35.5,34,6,3100,other,rent,some_college,1.658,0.046,1
69100,22100,656,6,11.4,42,6,99900,home_improvement,rent,bachelors,0.32,4.52,0
76400,47600,790,14,25.0,23,1,8050,debt_consolidation,rent,high_school,0.623,0.169,1
66300,56500,681,12,22.3,41,2,4730,home_improvement,mortgage,high_school,0.852,0.084,1
25400,41900,696,3,40.6,21,3,1510,home_improvement,mortgage,bachelors,1.65,0.036,0
69000,168900,661,2,52.2,30,4,3680,major_purchase,mortgage,some_college,2.448,0.022,0
34000,83800,640,3,51.3,33,3,8630,major_purchase,mortgage,high_school,2.465,0.103,0
60200,156600,638,13,49.3,51,6,5620,major_purchase,own,bachelors,2.601,0.036,1
28500,72000,708,3,46.2,32,4,63480,other,rent,high_school,2.526,0.882,1
66200,63400,619,18,24.3,26,3,2850,debt_consolidation,mortgage,bachelors,0.958,0.045,1
37700,31100,766,9,22.1,42,3,12720,medical,mortgage,some_college,0.825,0.409,1
30400,60400,740,6,40.7,35,4,1020,education,mortgage,bachelors,1.987,0.017,0
74700,60400,778,3,23.5,46,2,104450,debt_consolidation,mortgage,bachelors,0.809,1.729,1
60400,23000,589,7,23.1,26,9,920,medical,own,high_school,0.381,0.04,1
41100,41000,540,2,32.3,40,4,89680,debt_consolidation,other,bachelors,0.998,2.187,0
104100,47700,684,1,16.6,65,7,4060,home_improvement,mortgage,bachelors,0.458,0.085,1
44400,80000,792,9,40.9,35,5,220,debt_consolidation,rent,bachelors,1.802,0.003,1
55000,82700,637,6,37.9,40,5,32630,debt_consolidation,rent,high_school,1.504,0.395,0
61100,39900,721,11,21.0,19,6,5520,major_purchase,mortgage,bachelors,0.653,0.138,1
41000,83100,746,8,47.3,28,4,2600,home_improvement,mortgage,graduate,2.027,0.031,1
67000,52700,568,3,23.5,43,2,12070,debt_consolidation,mortgage,bachelors,0.787,0.229,0
42600,8000,801,12,12.0,34,2,12460,major_purchase,rent,graduate,0.188,1.558,1
45000,42600,670,4,22.7,44,5,8780,home_improvement,rent,some_college,0.947,0.206,1
100000,127400,677,15,32.6,42,4,24080,debt_consolidation,mortgage,bachelors,1.274,0.189,1
33900,18400,687,4,8.9,23,5,7000,education,own,some_college,0.543,0.38,1
18300,64800,782,1,65.0,49,6,12210,other,rent,some_college,3.541,0.188,0
111900,181600,620,17,29.1,24,2,2370,debt_consolidation,mortgage,bachelors,1.623,0.013,1
170600,35200,539,4,13.0,29,4,14350,other,mortgage,some_college,0.206,0.408,0
45100,60000,712,4,28.2,40,4,2380,other,rent,graduate,1.33,0.04,1
22700,24000,511,2,32.3,55,5,1020,home_improvement,rent,bachelors,1.057,0.042,0
47100,187000,659,5,65.0,26,5,3680,other,rent,bachelors,3.97,0.02,0
47600,56500,785,2,29.6,39,3,3340,medical,rent,bachelors,1.187,0.059,1
49700,61900,734,16,32.2,39,4,18010,education,rent,bachelors,1.245,0.291,1
32800,154500,773,4,65.0,45,2,640,debt_consolidation,mortgage,some_college,4.71,0.004,0
70300,95100,737,2,37.0,51,4,22720,medical,own,bachelors,1.353,0.239,0
68600,32400,634,6,19.5,33,4,2050,debt_consolidation,mortgage,some_college,0.472,0.063,0
27700,38100,718,26,30.7,49,7,160,medical,rent,bachelors,1.375,0.004,0
74200,84700,647,7,24.5,52,5,910,debt_consolidation,rent,high_school,1.142,0.011,1
136400,38700,766,5,11.6,57,2,3200,medical,rent,bachelors,0.284,0.083,1
58500,13600,679,6,11.8,43,6,9150,education,mortgage,some_college,0.232,0.673,0
46500,57700,831,11,26.0,39,5,4080,home_improvement,mortgage,graduate,1.241,0.071,0
50800,21200,639,11,13.7,32,6,900,home_improvement,mortgage,bachelors,0.417,0.042,1
71500,185600,804,7,52.4,21,4,1650,debt_consolidation,rent,bachelors,2.596,0.009,0
24900,67800,735,13,56.2,34,10,930,debt_consolidation,rent,high_school,2.723,0.014,1
58300,31800,682,6,17.0,39,3,7060,other,rent,bachelors,0.545,0.222,1
45400,36700,731,5,24.5,36,4,4330,medical,mortgage,bachelors,0.808,0.118,1
124400,16000,707,6,10.4,44,3,11610,medical,mortgage,some_college,0.129,0.726,1
50100,27700,715,4,19.6,22,5,410,education,own,bachelors,0.553,0.015,1
114800,122000,667,11,28.1,35,4,2330,major_purchase,mortgage,bachelors,1.063,0.019,1
33000,285600,625,4,65.0,59,2,84150,home_improvement,mortgage,high_school,8.655,0.295,0
70600,99600,656,0,36.1,48,7,12060,debt_consolidation,rent,some_college,1.411,0.121,1
62600,56100,541,1,13.2,44,5,3250,debt_consolidation,rent,bachelors,0.896,0.058,1
36600,44300,756,8,28.4,42,3,1230,medical,rent,some_college,1.21,0.028,1
58700,30700,580,3,15.1,33,4,23180,education,own,graduate,0.523,0.755,1
93500,253200,666,11,57.2,18,1,42010,debt_consolidation,mortgage,some_college,2.708,0.166,0
46800,52500,740,6,25.7,43,6,980,home_improvement,mortgage,some_college,1.122,0.019,1
25300,263300,756,11,65.0,34,3,1120,home_improvement,own,graduate,10.407,0.004,0
53700,158800,534,0,64.1,37,4,7260,major_purchase,mortgage,high_school,2.957,0.046,0
36100,17700,677,3,11.3,33,6,8280,major_purchase,mortgage,some_college,0.49,0.468,1
46400,37600,724,2,23.5,61,5,9660,debt_consolidation,rent,high_school,0.81,0.257,1
52200,37500,689,30,15.8,58,3,64910,major_purchase,rent,graduate,0.718,1.731,1
25100,56600,799,4,50.5,49,8,1260,medical,rent,high_school,2.255,0.022,0
26200,57400,615,1,45.6,27,3,5200,debt_consolidation,own,high_school,2.191,0.091,0
67300,487700,510,8,65.0,59,5,13490,major_purchase,mortgage,high_school,7.247,0.028,0
42800,28200,753,2,13.0,44,3,13290,home_improvement,own,bachelors,0.659,0.471,1
17100,70300,639,12,65.0,27,5,1980,education,rent,high_school,4.111,0.028,0
77100,92200,535,14,24.9,38,1,2100,other,mortgage,some_college,1.196,0.023,0
61200,59800,671,2,19.7,48,3,2580,major_purchase,mortgage,some_college,0.977,0.043,1
39300,64700,789,3,38.4,31,3,53360,debt_consolidation,own,bachelors,1.646,0.825,1
30000,28800,577,7,29.2,39,7,1250,other,own,some_college,0.96,0.043,1
78900,64500,613,12,24.3,41,5,3120,debt_consolidation,mortgage,bachelors,0.817,0.048,1
63400,85600,692,8,26.6,25,7,14550,home_improvement,mortgage,bachelors,1.35,0.17,0
158300,75300,581,4,16.0,35,6,1070,debt_consolidation,own,bachelors,0.476,0.014,1
65500,89200,688,1,35.2,26,6,7050,debt_consolidation,rent,bachelors,1.362,0.079,1
64500,160900,673,19,52.4,47,8,340,education,own,bachelors,2.495,0.002,1
50300,115400,558,8,50.6,28,5,6440,debt_consolidation,mortgage,some_college,2.294,0.056,0
78200,62900,642,22,20.7,41,5,5290,medical,rent,graduate,0.804,0.084,1
71800,26400,642,9,13.1,22,3,6180,medical,rent,bachelors,0.368,0.234,1
95200,39300,767,20,12.8,25,6,1460,major_purchase,mortgage,bachelors,0.413,0.037,1
42800,51300,839,3,32.0,24,4,6760,debt_consolidation,rent,some_college,1.199,0.132,1
44500,71400,780,3,39.6,34,8,4650,home_improvement,own,high_school,1.604,0.065,0
43700,42800,582,5,23.4,39,4,30300,other,rent,graduate,0.979,0.708,0
77300,31100,703,3,18.3,42,2,12000,debt_consolidation,rent,high_school,0.402,0.386,1
106300,26100,525,1,6.7,18,5,650,debt_consolidation,mortgage,some_college,0.246,0.025,0
44100,18800,761,3,15.0,36,1,1530,major_purchase,own,some_college,0.426,0.081,1
44800,50800,546,9,23.0,29,5,2070,major_purchase,mortgage,some_college,1.134,0.041,0
62400,21400,616,2,9.6,43,4,6330,major_purchase,rent,some_college,0.343,0.296,1
48500,29700,684,2,13.6,35,5,3880,debt_consolidation,rent,some_college,0.612,0.131,0
83200,45400,722,4,15.2,37,4,3860,debt_consolidation,mortgage,high_school,0.546,0.085,1
19700,23500,662,2,32.0,29,6,253930,debt_consolidation,mortgage,high_school,1.193,10.806,0
37300,78100,814,4,45.4,56,2,2400,major_purchase,rent,bachelors,2.094,0.031,1
38100,100500,746,5,53.1,23,3,34450,other,mortgage,bachelors,2.638,0.343,1
19100,40800,739,2,45.8,33,5,4000,medical,mortgage,bachelors,2.136,0.098,0
35100,44100,580,4,22.4,39,4,230,major_purchase,mortgage,graduate,1.256,0.005,1
35900,87200,829,6,54.0,35,5,6420,home_improvement,mortgage,high_school,2.429,0.074,1
49500,36300,616,3,12.2,29,6,23550,major_purchase,mortgage,some_college,0.733,0.649,1
89400,34600,832,1,12.1,18,3,11930,home_improvement,rent,some_college,0.387,0.345,1
48500,138400,728,3,59.0,30,5,7030,education,own,high_school,2.854,0.051,1
34100,111200,772,4,65.0,27,6,5080,major_purchase,mortgage,graduate,3.261,0.046,0
52800,91200,422,1,40.0,56,4,2460,debt_consolidation,rent,high_school,1.727,0.027,0
86900,114500,668,9,31.5,62,6,17240,home_improvement,mortgage,some_college,1.318,0.151,1
34900,15000,778,4,21.6,37,5,2680,debt_consolidation,rent,high_school,0.43,0.179,1
36000,154500,763,3,65.0,22,6,2010,home_improvement,rent,some_college,4.292,0.013,0
69700,78800,581,1,28.4,46,5,8730,medical,mortgage,bachelors,1.131,0.111,0
49000,121500,660,8,52.2,27,1,3230,major_purchase,rent,bachelors,2.48,0.027,1
72500,78500,469,14,26.9,31,8,29530,debt_consolidation,rent,bachelors,1.083,0.376,0
53800,62000,720,3,26.3,31,5,9450,major_purchase,mortgage,high_school,1.152,0.152,0
74300,49400,524,21,21.5,32,8,1650,debt_consolidation,rent,high_school,0.665,0.033,0
34000,77400,781,6,54.1,34,3,990,major_purchase,mortgage,bachelors,2.276,0.013,0
53900,48100,785,6,14.1,23,4,2200,debt_consolidation,rent,high_school,0.892,0.046,1
49300,109900,644,11,47.4,30,5,129720,major_purchase,rent,some_college,2.229,1.18,0
31300,19700,729,9,25.3,49,5,3520,education,other,bachelors,0.629,0.179,1
26800,41000,666,2,37.1,37,5,14210,debt_consolidation,mortgage,some_college,1.53,0.347,0
73800,250500,705,3,65.0,39,4,790,major_purchase,rent,some_college,3.394,0.003,1
46300,38600,587,12,16.6,48,6,1080,major_purchase,own,graduate,0.834,0.028,1
34200,50700,737,9,37.5,30,3,3780,medical,rent,graduate,1.482,0.075,1
51900,32300,545,21,23.2,50,5,53190,other,mortgage,high_school,0.622,1.647,1
90000,75700,529,8,23.9,39,6,810,home_improvement,mortgage,bachelors,0.841,0.011,0
19400,35800,674,9,38.6,31,0,2040,debt_consolidation,rent,some_college,1.845,0.057,1
27600,52600,667,3,44.1,19,2,17370,major_purchase,mortgage,bachelors,1.906,0.33,1
35800,108500,708,14,58.4,61,8,45690,home_improvement,rent,some_college,3.031,0.421,0
104600,36700,629,0,9.6,46,4,9070,education,mortgage,graduate,0.351,0.247,1
61500,104000,845,7,41.6,47,6,12660,medical,mortgage,bachelors,1.691,0.122,1
76500,106500,698,9,37.4,58,4,1400,medical,rent,some_college,1.392,0.013,1
32400,125300,704,7,65.0,40,3,770,debt_consolidation,rent,some_college,3.867,0.006,0
32700,66100,701,6,39.7,52,4,990,home_improvement,mortgage,high_school,2.021,0.015,1
66300,578900,770,5,65.0,32,3,1450,other,rent,high_school,8.732,0.003,0
55600,125300,733,6,49.4,46,3,6740,home_improvement,mortgage,some_college,2.254,0.054,0
69400,75200,722,2,22.8,31,4,890,major_purchase,rent,some_college,1.084,0.012,1
49800,32400,747,7,24.8,32,5,6980,major_purchase,rent,bachelors,0.651,0.215,1
61400,55900,529,3,22.5,39,4,3160,debt_consolidation,mortgage,bachelors,0.91,0.057,1
58200,162500,533,3,59.7,24,5,2240,medical,mortgage,high_school,2.792,0.014,0
76900,198100,678,2,51.4,41,4,16970,debt_consolidation,mortgage,high_school,2.576,0.086,0
77900,168500,668,34,49.3,34,4,1280,other,rent,high_school,2.163,0.008,1
26100,103700,734,7,65.0,32,3,36680,home_improvement,mortgage,some_college,3.973,0.354,1
19700,24900,686,1,24.0,34,5,15730,debt_consolidation,mortgage,some_college,1.264,0.632,1
85000,84200,734,6,23.1,47,3,1230,medical,mortgage,high_school,0.991,0.015,1
92500,25100,579,14,12.3,41,6,26450,education,rent,high_school,0.271,1.054,1
34200,21100,684,7,17.0,53,6,1040,debt_consolidation,rent,high_school,0.617,0.049,1
23500,70800,571,6,65.0,43,5,30040,debt_consolidation,mortgage,some_college,3.013,0.424,0
56600,86400,717,3,33.1,31,2,7830,home_improvement,mortgage,graduate,1.527,0.091,1
82400,112700,525,7,35.5,37,6,540,major_purchase,mortgage,graduate,1.368,0.005,1
121700,84800,714,10,22.5,34,2,800,debt_consolidation,rent,some_college,0.697,0.009,1
68300,86900,560,10,30.5,43,5,2790,home_improvement,rent,some_college,1.272,0.032,0
45800,30100,652,7,22.9,38,2,16560,home_improvement,rent,some_college,0.657,0.55,1
36200,55600,761,7,29.5,31,3,3870,education,mortgage,some_college,1.536,0.07,1
54500,20800,704,15,14.6,38,5,3740,education,mortgage,bachelors,0.382,0.18,1
47400,14700,545,14,10.5,43,4,5200,debt_consolidation,mortgage,some_college,0.31,0.354,1
34300,100600,627,5,60.4,26,3,300,major_purchase,rent,some_college,2.933,0.003,0
136200,35300,557,20,10.8,41,3,15580,home_improvement,rent,graduate,0.259,0.441,1
121000,110300,540,1,24.6,20,1,32070,home_improvement,own,some_college,0.912,0.291,1
90300,130100,695,7,34.0,50,4,14840,debt_consolidation,own,some_college,1.441,0.114,1
35800,38800,732,8,28.1,43,11,2720,medical,mortgage,bachelors,1.084,0.07,1
79600,90500,722,2,29.2,55,3,1420,education,mortgage,some_college,1.137,0.016,1
72200,37700,736,1,19.7,25,4,1080,debt_consolidation,other,graduate,0.522,0.029,1
66100,16400,683,3,7.4,50,4,1010,debt_consolidation,own,high_school,0.248,0.062,1
95100,65300,661,12,22.4,48,6,117050,major_purchase,rent,bachelors,0.687,1.792,1
72100,43100,593,12,12.7,35,1,4400,other,rent,high_school,0.598,0.102,1
75600,44000,647,10,7.3,33,5,17440,major_purchase,mortgage,some_college,0.582,0.396,1
72200,238600,572,3,65.0,26,8,16150,debt_consolidation,own,high_school,3.305,0.068,0
63200,20600,613,12,10.1,23,1,6000,education,mortgage,bachelors,0.326,0.291,1
24300,78300,692,3,64.2,29,4,1330,home_improvement,rent,bachelors,3.222,0.017,0
56300,29800,674,7,10.1,24,7,10160,home_improvement,own,some_college,0.529,0.341,1
42200,113100,570,6,54.4,55,4,1080,debt_consolidation,rent,graduate,2.68,0.01,0
30500,73800,674,4,52.4,21,4,11420,debt_consolidation,rent,graduate,2.42,0.155,0
115500,78100,563,9,21.1,39,4,1150,home_improvement,rent,bachelors,0.676,0.015,0
118000,30900,652,11,7.9,42,8,2670,medical,rent,bachelors,0.262,0.086,1
99900,35000,655,3,12.5,41,2,2660,medical,own,high_school,0.35,0.076,0
60800,114600,756,6,43.4,42,1,34840,other,rent,some_college,1.885,0.304,1
99500,206800,646,10,46.4,48,2,160,home_improvement,mortgage,high_school,2.078,0.001,1
54500,83800,668,0,36.2,33,1,128420,major_purchase,own,some_college,1.538,1.532,0
59400,31900,648,8,20.7,38,3,1590,major_purchase,mortgage,high_school,0.537,0.05,1
33100,75900,565,11,48.8,34,3,4140,debt_consolidation,mortgage,some_college,2.293,0.055,0
64800,327500,629,8,65.0,52,4,8770,debt_consolidation,mortgage,some_college,5.054,0.027,0
55700,64300,652,9,27.6,61,5,7770,education,mortgage,high_school,1.154,0.121,1
30100,166600,691,5,65.0,24,2,16010,debt_consolidation,mortgage,high_school,5.535,0.096,0
52900,35700,732,10,23.1,44,2,11550,other,rent,bachelors,0.675,0.324,1
52300,58100,665,2,21.4,49,3,85120,education,mortgage,high_school,1.111,1.465,1
121600,92400,663,3,23.4,59,5,13690,debt_consolidation,own,some_college,0.76,0.148,1
81000,79100,538,9,23.0,46,3,4170,debt_consolidation,mortgage,bachelors,0.977,0.053,0
54500,35000,730,10,15.5,53,2,2270,medical,mortgage,some_college,0.642,0.065,1
60600,34000,625,14,16.4,56,7,2190,home_improvement,rent,high_school,0.561,0.064,1
55300,119600,748,18,47.6,54,7,30050,major_purchase,mortgage,bachelors,2.163,0.251,1
49400,137900,796,3,52.0,47,3,57370,debt_consolidation,mortgage,bachelors,2.791,0.416,0
33300,172600,669,2,65.0,23,6,20050,education,mortgage,bachelors,5.183,0.116,0
50600,211700,598,12,65.0,37,2,60,home_improvement,own,some_college,4.184,0.0,0
38700,65800,683,4,42.8,41,5,210,home_improvement,rent,bachelors,1.7,0.003,0
30900,48200,714,6,33.5,36,7,4860,other,mortgage,some_college,1.56,0.101,0
68200,154200,658,11,53.5,37,8,3890,medical,rent,some_college,2.261,0.025,0
64600,98600,637,7,37.0,55,7,5050,major_purchase,mortgage,bachelors,1.526,0.051,1
24200,30100,732,10,30.3,29,5,28350,education,rent,high_school,1.244,0.942,0
51300,29000,727,3,23.3,46,5,26440,other,mortgage,bachelors,0.565,0.912,1
84800,84500,655,8,33.6,41,6,6280,education,own,bachelors,0.996,0.074,0
87300,52900,544,7,18.1,28,7,580,medical,mortgage,some_college,0.606,0.011,1
86000,58800,723,13,17.3,26,5,880,debt_consolidation,mortgage,high_school,0.684,0.015,0
55100,126900,619,16,51.2,19,5,5400,education,mortgage,bachelors,2.303,0.043,0
37000,101900,703,4,51.9,43,3,8810,education,rent,bachelors,2.754,0.086,0
33300,151900,697,2,65.0,37,3,890,major_purchase,rent,high_school,4.562,0.006,0
63300,15500,524,10,17.6,28,6,12390,major_purchase,mortgage,bachelors,0.245,0.799,1
64300,71500,691,1,30.3,42,4,420,major_purchase,mortgage,high_school,1.112,0.006,0
96700,97400,728,11,22.7,36,3,120,home_improvement,mortgage,bachelors,1.007,0.001,1
88900,20600,739,11,24.7,30,4,1440,debt_consolidation,rent,high_school,0.232,0.07,1
51000,37900,694,4,15.8,27,5,33600,major_purchase,mortgage,bachelors,0.743,0.887,1
30900,33200,516,0,29.8,35,2,41410,debt_consolidation,own,bachelors,1.074,1.247,0
46900,60800,793,12,28.1,43,5,530,home_improvement,rent,some_college,1.296,0.009,1
59700,187100,719,16,65.0,34,5,590,other,own,graduate,3.134,0.003,1
49500,246700,582,16,65.0,24,4,14260,debt_consolidation,rent,graduate,4.984,0.058,0
41800,33900,618,16,21.5,37,6,2650,other,own,some_college,0.811,0.078,1
60700,86600,704,1,26.4,49,6,33290,home_improvement,rent,some_college,1.427,0.384,1
43200,88500,742,6,53.2,38,6,13940,other,mortgage,bachelors,2.049,0.158,1
40800,78500,643,7,40.2,38,6,17730,debt_consolidation,rent,some_college,1.924,0.226,1
62300,79200,755,7,32.8,34,5,1560,debt_consolidation,own,some_college,1.271,0.02,1
45200,74100,532,10,37.5,28,5,9150,major_purchase,mortgage,high_school,1.639,0.123,1
60500,195100,596,2,63.8,27,2,82700,home_improvement,rent,high_school,3.225,0.424,0
61300,129500,509,1,37.1,19,7,6000,medical,mortgage,bachelors,2.113,0.046,0
32400,28500,608,0,22.9,50,6,4610,major_purchase,mortgage,some_college,0.88,0.162,0
43600,104500,813,13,50.1,43,4,2670,home_improvement,mortgage,high_school,2.397,0.026,1
103500,111800,704,1,28.7,38,3,520,other,mortgage,graduate,1.08,0.005,1
32100,74600,630,7,58.4,41,3,1060,debt_consolidation,other,some_college,2.324,0.014,0
20900,132200,666,3,65.0,41,2,1410,debt_consolidation,rent,high_school,6.325,0.011,0
23400,68300,725,4,64.0,29,3,490,medical,mortgage,some_college,2.919,0.007,0
54900,68900,552,5,29.4,34,10,570,debt_consolidation,mortgage,bachelors,1.255,0.008,0
54900,65200,636,4,24.1,32,5,160,home_improvement,mortgage,bachelors,1.188,0.002,0
51400,14600,806,1,12.0,65,4,1640,major_purchase,rent,some_college,0.284,0.112,1
93600,56600,596,5,15.9,49,3,12650,debt_consolidation,mortgage,bachelors,0.605,0.223,1
16300,37500,621,3,49.2,39,4,3160,debt_consolidation,mortgage,some_college,2.301,0.084,0
64700,26100,686,3,13.3,53,9,3180,debt_consolidation,own,bachelors,0.403,0.122,1
109400,163400,709,20,28.2,51,1,14380,debt_consolidation,rent,some_college,1.494,0.088,1
32600,85200,631,1,60.1,22,3,52290,debt_consolidation,rent,high_school,2.613,0.614,0
45700,58600,691,5,30.5,35,3,118500,debt_consolidation,rent,bachelors,1.282,2.022,1
38600,40300,736,7,25.5,37,2,6020,education,rent,some_college,1.044,0.149,1
36200,73700,674,20,40.2,44,3,3310,education,rent,some_college,2.036,0.045,0
46800,119900,681,2,52.2,35,6,2760,debt_consolidation,other,bachelors,2.562,0.023,0
103000,33600,814,15,10.4,36,3,11250,major_purchase,mortgage,some_college,0.326,0.335,1
123800,59700,638,5,11.9,32,11,3950,home_improvement,own,bachelors,0.482,0.066,1
46600,109900,572,5,51.1,49,4,3970,debt_consolidation,mortgage,high_school,2.358,0.036,0
127700,15400,706,10,8.3,22,4,4350,debt_consolidation,rent,high_school,0.121,0.282,1
55100,57500,776,17,29.8,33,7,1310,major_purchase,mortgage,some_college,1.044,0.023,1
119300,44300,715,4,13.2,26,2,190,debt_consolidation,mortgage,high_school,0.371,0.004,1
51900,54500,676,7,27.4,41,3,1930,education,rent,high_school,1.05,0.035,0
57500,42100,561,7,21.5,41,3,37820,medical,own,high_school,0.732,0.898,1
63900,65900,680,6,28.1,34,2,35410,major_purchase,rent,bachelors,1.031,0.537,1
226500,230200,789,11,22.9,50,2,18320,education,rent,graduate,1.016,0.08,1
79500,47700,580,3,22.4,52,3,2460,debt_consolidation,other,bachelors,0.6,0.052,1
39400,73400,664,4,36.8,37,3,1630,major_purchase,rent,bachelors,1.863,0.022,0
83800,241900,652,1,60.1,40,6,47780,debt_consolidation,own,bachelors,2.887,0.198,0
46000,40700,625,9,19.1,33,6,1080,home_improvement,mortgage,bachelors,0.885,0.027,1
43500,213300,706,6,65.0,44,6,5190,debt_consolidation,mortgage,some_college,4.903,0.024,0
81500,60100,722,16,24.8,24,1,52330,debt_consolidation,mortgage,high_school,0.737,0.871,1
54900,208400,721,2,65.0,57,4,5850,medical,rent,bachelors,3.796,0.028,0
61400,101200,601,21,41.9,50,5,3260,debt_consolidation,mortgage,graduate,1.648,0.032,1
54500,74200,545,10,31.3,24,4,24930,debt_consolidation,rent,graduate,1.361,0.336,0
63000,57200,707,10,28.0,29,9,5440,education,rent,high_school,0.908,0.095,1
65600,38700,641,3,15.8,42,2,6470,debt_consolidation,rent,graduate,0.59,0.167,1
22700,63100,841,5,56.2,34,4,40970,debt_consolidation,rent,high_school,2.78,0.649,0
73100,112200,845,4,36.1,43,6,140,debt_consolidation,mortgage,some_college,1.535,0.001,1
34800,59300,605,14,42.1,34,7,8120,home_improvement,own,bachelors,1.704,0.137,0
28300,48000,733,1,36.3,54,11,1680,education,own,some_college,1.696,0.035,1
52800,50200,759,5,27.9,38,1,3680,education,rent,bachelors,0.951,0.073,1
56300,119900,749,6,47.3,64,8,5760,medical,rent,high_school,2.13,0.048,1
39700,141200,654,4,65.0,44,7,1910,home_improvement,rent,graduate,3.557,0.014,0
78700,37500,793,2,13.2,23,6,6770,education,own,high_school,0.476,0.181,1
29600,37500,685,0,29.3,60,7,8430,medical,other,bachelors,1.267,0.225,1
45100,78100,695,5,38.8,50,7,6530,education,rent,high_school,1.732,0.084,1
41600,174400,554,9,65.0,42,3,5740,debt_consolidation,mortgage,high_school,4.192,0.033,0
53100,133500,739,6,50.0,45,7,4170,major_purchase,mortgage,high_school,2.514,0.031,0
61400,24900,662,2,10.1,24,5,4290,debt_consolidation,other,high_school,0.406,0.172,1
34400,49800,724,6,25.5,18,7,5490,home_improvement,mortgage,high_school,1.448,0.11,1
75100,31200,704,17,18.5,37,4,1310,education,rent,high_school,0.415,0.042,1
55700,49600,700,3,27.8,53,4,29090,medical,mortgage,graduate,0.89,0.586,1
23100,184100,681,7,65.0,42,8,4330,medical,mortgage,high_school,7.97,0.024,0
22400,22100,751,8,26.1,56,4,2790,debt_consolidation,own,bachelors,0.987,0.126,1
53900,19300,668,1,12.9,52,5,8550,debt_consolidation,own,bachelors,0.358,0.443,1
49000,33500,561,4,25.2,38,6,4190,other,rent,bachelors,0.684,0.125,0
51700,73200,733,4,32.6,51,5,27990,debt_consolidation,mortgage,some_college,1.416,0.382,1
53500,92500,616,6,41.3,54,3,17200,debt_consolidation,mortgage,high_school,1.729,0.186,0
60000,81300,572,14,30.7,37,2,5600,debt_consolidation,rent,high_school,1.355,0.069,0
83000,136300,598,2,34.8,35,6,18300,medical,mortgage,high_school,1.642,0.134,1
32900,17400,709,15,20.6,39,6,6830,home_improvement,mortgage,some_college,0.529,0.393,1
32000,137600,676,9,65.0,41,5,980,debt_consolidation,rent,bachelors,4.3,0.007,0
33100,48100,503,22,29.1,45,4,17080,major_purchase,rent,bachelors,1.453,0.355,0
61700,99900,652,0,41.7,39,7,340,medical,rent,bachelors,1.619,0.003,0
94900,23700,784,30,8.6,41,1,13060,major_purchase,mortgage,bachelors,0.25,0.551,1
44600,60100,646,1,22.9,37,7,9150,debt_consolidation,own,high_school,1.348,0.152,1
17600,70600,670,3,65.0,56,5,8330,debt_consolidation,rent,bachelors,4.011,0.118,0
25200,134500,773,3,65.0,33,6,34390,home_improvement,rent,high_school,5.337,0.256,0
37200,19700,752,9,11.5,31,5,4750,debt_consolidation,rent,graduate,0.53,0.241,1
42200,61200,771,5,26.2,52,7,2890,debt_consolidation,mortgage,some_college,1.45,0.047,0
45100,28000,449,3,17.2,48,7,14990,education,rent,bachelors,0.621,0.535,0
55100,85300,832,19,33.4,41,5,1810,other,rent,bachelors,1.548,0.021,1
47100,103200,739,0,52.9,46,4,3520,debt_consolidation,rent,some_college,2.191,0.034,0
86900,147400,618,12,38.6,25,0,7000,home_improvement,own,some_college,1.696,0.047,1
40000,41200,535,5,29.5,37,3,7830,home_improvement,mortgage,graduate,1.03,0.19,0
36800,114600,685,3,64.9,52,5,3080,home_improvement,mortgage,some_college,3.114,0.027,1
67200,155200,661,3,55.8,30,3,2470,major_purchase,rent,bachelors,2.31,0.016,0
27100,19000,740,4,17.1,27,3,1020,home_improvement,rent,some_college,0.701,0.054,1
64600,91900,776,3,33.3,38,4,1630,home_improvement,mortgage,high_school,1.423,0.018,1
56700,117100,677,11,38.9,39,6,62740,debt_consolidation,mortgage,some_college,2.065,0.536,0
50700,50000,664,4,29.0,45,4,3390,major_purchase,rent,high_school,0.986,0.068,1
110700,25700,729,10,16.6,22,7,6410,home_improvement,own,some_college,0.232,0.249,1
40900,115900,663,3,62.5,48,9,610,debt_consolidation,rent,high_school,2.834,0.005,0
136900,25900,656,7,10.9,26,2,177810,debt_consolidation,mortgage,bachelors,0.189,6.865,1
49000,52800,773,7,21.4,31,13,1470,debt_consolidation,rent,bachelors,1.078,0.028,1
30500,58200,792,6,42.0,49,4,950,debt_consolidation,mortgage,high_school,1.908,0.016,0
55900,98800,777,15,37.1,41,3,4510,debt_consolidation,rent,bachelors,1.767,0.046,1
33400,38600,670,16,32.5,41,3,1410,major_purchase,own,graduate,1.156,0.037,1
38600,37100,503,10,23.6,41,1,8190,major_purchase,mortgage,high_school,0.961,0.221,0
64800,64200,672,13,24.0,27,0,590,major_purchase,mortgage,some_college,0.991,0.009,1
69600,121100,620,10,48.0,33,2,24150,debt_consolidation,mortgage,graduate,1.74,0.199,1
40900,296900,673,4,65.0,29,6,18320,major_purchase,mortgage,high_school,7.259,0.062,0
84500,20800,627,5,16.7,35,9,4160,education,rent,graduate,0.246,0.2,1
91200,74700,683,0,20.7,40,4,480,home_improvement,mortgage,graduate,0.819,0.006,0
103400,28000,596,2,8.5,49,5,1580,home_improvement,rent,some_college,0.271,0.056,1
68800,122200,576,1,44.2,21,4,5360,education,mortgage,some_college,1.776,0.044,1
100100,31000,788,3,19.5,37,4,900,major_purchase,mortgage,graduate,0.31,0.029,1
23200,37300,602,7,31.8,45,4,1130,home_improvement,own,high_school,1.608,0.03,0
47000,39600,685,4,21.1,27,7,21350,medical,rent,some_college,0.843,0.539,0
36700,56800,766,11,32.2,35,6,6110,debt_consolidation,own,high_school,1.548,0.108,1
57200,75100,762,2,33.6,43,5,5840,debt_consolidation,own,bachelors,1.313,0.078,1
41900,84000,752,9,48.4,38,2,10290,major_purchase,own,bachelors,2.005,0.122,1
50300,59600,710,2,27.9,45,5,3910,major_purchase,mortgage,bachelors,1.185,0.066,0
126400,23600,746,14,9.9,39,4,4520,home_improvement,mortgage,high_school,0.187,0.192,1
50200,99700,801,2,35.9,34,4,9310,debt_consolidation,mortgage,some_college,1.986,0.093,0
65300,57700,721,8,20.1,25,6,15250,other,rent,bachelors,0.884,0.264,1
48800,135000,528,3,63.8,40,4,9870,medical,mortgage,some_college,2.766,0.073,0
56100,36500,640,18,21.7,39,8,37970,debt_consolidation,own,graduate,0.651,1.04,1
54300,19500,744,17,18.2,27,4,5090,debt_consolidation,rent,high_school,0.359,0.261,1
66300,58500,631,8,22.4,44,4,750,home_improvement,own,high_school,0.882,0.013,1
91500,148300,822,8,36.1,51,6,22550,debt_consolidation,own,some_college,1.621,0.152,1
113700,67000,679,11,18.7,30,3,3490,home_improvement,rent,bachelors,0.589,0.052,1
62300,52100,692,9,24.3,29,3,1680,other,mortgage,bachelors,0.836,0.032,1
70600,32600,780,12,21.8,29,4,13320,medical,rent,graduate,0.462,0.409,1
32300,204900,669,2,65.0,19,6,8260,other,rent,bachelors,6.344,0.04,0
52100,29100,699,6,17.5,60,3,820,debt_consolidation,rent,graduate,0.559,0.028,1
82700,36000,761,3,12.7,33,6,12570,debt_consolidation,mortgage,some_college,0.435,0.349,1
80000,89200,559,17,20.2,28,3,67780,other,rent,graduate,1.115,0.76,1
59600,16300,660,1,16.6,25,7,7730,education,mortgage,bachelors,0.273,0.474,1
80700,146100,755,19,47.6,33,6,3430,home_improvement,rent,some_college,1.81,0.023,1
67600,92700,690,6,35.7,30,10,470,debt_consolidation,mortgage,high_school,1.371,0.005,1
93000,112400,809,12,30.7,53,2,86830,medical,mortgage,graduate,1.209,0.773,1
61700,88500,551,4,41.2,24,3,2380,debt_consolidation,mortgage,some_college,1.434,0.027,0
46200,53500,541,1,30.7,21,6,680,other,own,bachelors,1.158,0.013,0
63000,28400,750,17,19.3,44,7,5740,major_purchase,own,some_college,0.451,0.202,1
14500,54300,758,9,65.0,36,4,20160,debt_consolidation,rent,some_college,3.745,0.371,0
64400,30300,668,2,17.6,35,4,27730,debt_consolidation,rent,some_college,0.47,0.915,0
10500,84100,719,5,65.0,44,4,1920,debt_consolidation,rent,some_college,8.01,0.023,0
24900,105300,748,5,65.0,39,4,4280,medical,rent,some_college,4.229,0.041,0
66400,168300,615,8,49.3,37,5,4920,debt_consolidation,own,bachelors,2.535,0.029,1
67200,77700,624,2,30.5,22,4,19290,home_improvement,mortgage,some_college,1.156,0.248,1
32100,114400,701,2,65.0,19,7,11270,debt_consolidation,rent,some_college,3.564,0.099,0
39300,48600,761,7,32.3,30,1,7180,home_improvement,rent,some_college,1.237,0.148,1
100400,42800,585,2,25.2,26,5,17690,major_purchase,rent,some_college,0.426,0.413,1
43600,83400,668,17,45.2,40,0,730,debt_consolidation,mortgage,high_school,1.913,0.009,1
148600,45700,664,11,18.2,18,3,8860,debt_consolidation,mortgage,bachelors,0.308,0.194,1
54100,72300,720,11,35.7,33,5,6700,debt_consolidation,rent,bachelors,1.336,0.093,1
65100,28500,684,0,6.6,36,4,4580,other,mortgage,high_school,0.438,0.161,1
112200,32300,638,4,12.7,37,5,3460,home_improvement,mortgage,some_college,0.288,0.107,1
57500,93400,791,4,39.0,42,4,5930,debt_consolidation,own,some_college,1.624,0.063,1
34500,111400,639,2,57.8,34,3,2210,home_improvement,own,graduate,3.229,0.02,0
51600,30000,660,9,17.3,30,0,223730,debt_consolidation,rent,some_college,0.581,7.458,1
53300,95700,549,8,40.0,51,4,32940,medical,mortgage,bachelors,1.795,0.344,0
29300,41200,624,10,28.4,34,2,22700,debt_consolidation,rent,bachelors,1.406,0.551,0
48300,60600,728,13,26.7,53,9,2340,other,rent,graduate,1.255,0.039,1
38800,161400,712,12,65.0,34,5,1290,major_purchase,mortgage,bachelors,4.16,0.008,0
82100,105400,735,32,16.8,37,2,3650,major_purchase,rent,bachelors,1.284,0.035,1
55000,104500,731,6,43.3,36,6,5770,debt_consolidation,own,some_college,1.9,0.055,0
47700,227800,621,5,65.0,40,3,650,debt_consolidation,own,some_college,4.776,0.003,0
51600,36600,547,9,20.7,33,4,9620,debt_consolidation,mortgage,high_school,0.709,0.263,0
59900,30000,595,14,22.6,39,8,22360,education,rent,graduate,0.501,0.745,0
71500,36100,625,1,15.4,54,4,210,other,mortgage,some_college,0.505,0.006,1
34500,50100,602,3,30.5,49,5,1390,debt_consolidation,mortgage,bachelors,1.452,0.028,1
33900,11500,692,3,14.1,49,3,27420,other,rent,high_school,0.339,2.384,1
89100,51800,791,6,16.9,23,8,8300,major_purchase,rent,some_college,0.581,0.16,1
45000,40900,815,4,22.1,25,7,1460,medical,rent,high_school,0.909,0.036,1
28600,103600,727,13,65.0,40,1,13760,other,own,high_school,3.622,0.133,0
66200,76600,654,7,25.7,46,4,2140,other,rent,some_college,1.157,0.028,1
66700,39300,546,5,15.3,32,1,3530,home_improvement,rent,high_school,0.589,0.09,1
27200,90500,774,8,63.4,30,3,1000,home_improvement,mortgage,bachelors,3.327,0.011,1
60100,99300,528,0,39.4,53,4,5030,major_purchase,mortgage,some_college,1.652,0.051,0
75400,35000,620,8,12.4,45,3,20440,debt_consolidation,own,some_college,0.464,0.584,1
64100,42400,729,2,14.9,49,2,2520,debt_consolidation,rent,bachelors,0.661,0.059,0
72000,12600,676,11,6.9,33,5,12130,education,rent,bachelors,0.175,0.963,1
28800,27900,668,1,26.3,32,5,4580,debt_consolidation,own,some_college,0.969,0.164,1
62900,35600,584,9,20.9,48,9,22260,home_improvement,mortgage,graduate,0.566,0.625,1
47300,63100,684,2,35.0,35,4,2570,debt_consolidation,rent,some_college,1.334,0.041,1
43600,30900,770,15,21.6,31,2,43350,major_purchase,rent,bachelors,0.709,1.403,0
80200,41800,686,1,19.5,27,10,12760,debt_consolidation,rent,bachelors,0.521,0.305,1
105400,25400,614,6,12.1,32,5,6920,other,own,high_school,0.241,0.272,1
121500,67500,578,10,19.8,47,10,7280,medical,rent,some_college,0.556,0.108,1
97900,80700,616,8,24.6,21,4,2560,debt_consolidation,mortgage,high_school,0.824,0.032,0
51600,79400,718,8,32.8,44,2,2340,debt_consolidation,mortgage,some_college,1.539,0.029,1
63500,60400,714,1,20.8,30,2,7090,debt_consolidation,rent,high_school,0.951,0.117,1
76500,20400,616,1,18.2,35,4,920,debt_consolidation,mortgage,bachelors,0.267,0.045,1
57200,38800,497,7,20.7,36,3,2120,home_improvement,mortgage,high_school,0.678,0.055,0
57500,45000,720,7,26.3,35,3,1320,debt_consolidation,mortgage,high_school,0.783,0.029,0
78500,45100,608,2,13.9,34,6,10940,home_improvement,rent,high_school,0.575,0.243,1
52800,63100,743,2,27.9,33,2,11180,debt_consolidation,mortgage,bachelors,1.195,0.177,1
39000,162400,620,5,65.0,31,5,29000,debt_consolidation,mortgage,high_school,4.164,0.179,0
45000,105700,601,4,52.9,52,7,3080,other,own,bachelors,2.349,0.029,0
72100,30000,698,21,13.0,38,8,1590,education,rent,high_school,0.416,0.053,1
54200,96300,748,15,37.8,36,7,630,debt_consolidation,rent,high_school,1.777,0.007,1
63100,93700,696,11,42.6,30,5,7180,major_purchase,rent,bachelors,1.485,0.077,1
73200,34100,715,17,19.1,33,7,34740,debt_consolidation,rent,bachelors,0.466,1.019,1
45800,108500,536,3,53.3,30,6,4430,medical,rent,bachelors,2.369,0.041,0
76100,53500,589,4,15.8,46,6,5100,education,own,graduate,0.703,0.095,0
64200,22300,471,14,6.8,29,0,4870,major_purchase,own,bachelors,0.347,0.218,1
31100,82300,832,6,59.5,38,1,7010,major_purchase,rent,bachelors,2.646,0.085,0
103700,69700,814,6,11.1,34,5,19850,education,mortgage,high_school,0.672,0.285,1
43200,51100,718,2,27.3,31,5,72180,debt_consolidation,mortgage,high_school,1.183,1.413,1
25700,58300,696,13,45.6,48,6,9870,major_purchase,own,graduate,2.268,0.169,1
33900,36200,553,9,23.5,55,4,10830,debt_consolidation,other,some_college,1.068,0.299,0
34200,91800,666,5,54.6,49,5,3520,debt_consolidation,own,some_college,2.684,0.038,0
55500,58100,837,4,22.6,31,5,4230,major_purchase,mortgage,some_college,1.047,0.073,1
47900,67300,696,15,28.4,33,4,4150,debt_consolidation,rent,bachelors,1.405,0.062,1
46600,76900,637,3,38.7,43,1,2940,debt_consolidation,rent,bachelors,1.65,0.038,0
71600,26700,535,1,19.0,43,3,5880,debt_consolidation,own,high_school,0.373,0.22,0
63100,32000,802,15,10.2,31,5,11790,other,rent,high_school,0.507,0.368,1
62500,12700,679,16,12.4,20,6,5370,debt_consolidation,mortgage,some_college,0.203,0.423,0
65100,88900,535,3,34.7,61,2,3320,home_improvement,own,bachelors,1.366,0.037,0
71500,25600,606,24,16.2,48,4,5860,debt_consolidation,rent,some_college,0.358,0.229,1
21000,65700,576,5,63.4,39,3,1280,other,rent,bachelors,3.129,0.019,1
46000,77600,673,3,36.0,39,7,15130,debt_consolidation,rent,some_college,1.687,0.195,1
20300,91300,702,9,65.0,44,2,2760,home_improvement,own,graduate,4.498,0.03,0
55100,25800,642,1,17.8,46,5,980,home_improvement,own,graduate,0.468,0.038,1
54100,57200,751,2,19.5,34,10,9380,major_purchase,mortgage,some_college,1.057,0.164,0
86700,192800,691,7,47.1,32,6,10060,education,own,some_college,2.224,0.052,1
92500,198800,775,6,46.9,36,4,1470,debt_consolidation,own,bachelors,2.149,0.007,0
59400,119500,654,12,39.8,46,2,11770,debt_consolidation,mortgage,high_school,2.012,0.098,1
43300,75800,637,2,38.5,18,3,11940,debt_consolidation,own,high_school,1.751,0.158,0
67400,29600,608,21,17.9,23,9,78030,home_improvement,mortgage,bachelors,0.439,2.636,1
42700,99000,597,4,46.4,30,6,3540,education,own,graduate,2.319,0.036,0
54100,53600,667,6,26.8,39,10,4550,debt_consolidation,mortgage,some_college,0.991,0.085,1
84400,88600,538,4,22.9,47,4,2100,education,own,some_college,1.05,0.024,0
42200,38400,710,1,19.4,55,2,9810,debt_consolidation,mortgage,bachelors,0.91,0.255,0
77900,53000,523,6,22.7,34,4,4880,debt_consolidation,mortgage,high_school,0.68,0.092,0
73500,67200,698,10,29.2,47,3,19600,medical,own,graduate,0.914,0.292,1
35300,71100,570,5,39.5,45,5,2680,medical,mortgage,high_school,2.014,0.038,0
84000,84600,652,3,29.9,43,4,9510,debt_consolidation,own,high_school,1.007,0.112,1
74200,39900,736,12,17.6,37,2,3520,other,rent,high_school,0.538,0.088,1
56700,23400,593,12,6.6,33,3,370,debt_consolidation,mortgage,high_school,0.413,0.016,0
38400,186700,672,5,65.0,26,6,11840,education,rent,high_school,4.862,0.063,0
36800,342000,623,8,65.0,25,5,430,debt_consolidation,rent,bachelors,9.293,0.001,0
42500,81900,611,12,36.2,41,8,3930,debt_consolidation,mortgage,high_school,1.927,0.048,0
69200,23700,624,10,11.7,37,5,4020,education,mortgage,graduate,0.342,0.17,1
35200,34800,755,8,25.5,33,5,4860,debt_consolidation,mortgage,some_college,0.989,0.14,1
66000,85500,643,10,33.1,45,3,5250,home_improvement,mortgage,some_college,1.295,0.061,1
31000,153100,720,8,65.0,35,6,5180,education,mortgage,bachelors,4.939,0.034,0
49400,25600,599,6,23.6,27,5,8170,debt_consolidation,own,high_school,0.518,0.319,1
56900,54900,653,2,22.1,35,1,4220,medical,mortgage,bachelors,0.965,0.077,0
162800,68700,616,2,16.0,47,4,191370,home_improvement,mortgage,high_school,0.422,2.786,1
29100,109700,753,9,65.0,26,5,3040,debt_consolidation,own,bachelors,3.77,0.028,0
105100,47100,545,4,18.9,40,7,890,debt_consolidation,rent,some_college,0.448,0.019,1
58000,20000,571,8,18.4,37,6,680,debt_consolidation,own,high_school,0.345,0.034,0
65200,92500,634,2,31.8,29,2,12350,home_improvement,mortgage,bachelors,1.419,0.134,0
57100,131600,743,3,52.1,34,7,530,debt_consolidation,rent,high_school,2.305,0.004,0
66200,56500,789,5,19.7,20,5,900,major_purchase,rent,graduate,0.853,0.016,1
50600,79500,802,0,36.0,39,8,740,home_improvement,mortgage,some_college,1.571,0.009,1
104200,43000,730,2,17.4,22,6,9320,debt_consolidation,mortgage,some_college,0.413,0.217,1
44100,33100,677,3,25.4,49,5,31670,education,mortgage,some_college,0.751,0.957,1
90200,122800,752,7,34.8,36,7,1310,home_improvement,rent,some_college,1.361,0.011,1
40500,78500,587,5,43.3,31,5,8870,other,rent,bachelors,1.938,0.113,0
52700,84400,528,7,36.5,50,3,120,home_improvement,own,some_college,1.602,0.001,0
33400,171400,722,6,65.0,26,8,1730,other,rent,bachelors,5.132,0.01,0
66500,28600,599,5,24.5,29,4,11420,education,own,high_school,0.43,0.399,1
103800,40700,679,3,18.5,52,4,3170,home_improvement,mortgage,bachelors,0.392,0.078,1
52300,66900,695,6,32.6,58,5,19760,major_purchase,mortgage,some_college,1.279,0.295,1
49600,40300,706,14,17.1,19,6,220,debt_consolidation,rent,some_college,0.812,0.005,1
32800,103600,764,3,61.5,29,2,1760,home_improvement,other,high_school,3.159,0.017,0
48900,52500,755,21,26.0,38,4,9260,home_improvement,mortgage,high_school,1.074,0.176,1
26500,29900,701,6,31.9,32,7,9100,home_improvement,rent,some_college,1.128,0.304,1
35900,62700,647,11,35.7,37,2,10130,debt_consolidation,rent,bachelors,1.747,0.162,0
60000,67500,694,8,30.8,36,5,6570,education,mortgage,some_college,1.125,0.097,0
98100,115200,634,9,29.6,42,2,990,debt_consolidation,rent,high_school,1.174,0.009,0
191800,78800,668,2,16.8,27,5,1650,medical,rent,bachelors,0.411,0.021,1
41600,82700,700,4,42.9,40,8,125860,other,mortgage,some_college,1.988,1.522,0
103400,74900,723,1,18.7,25,2,840,debt_consolidation,mortgage,high_school,0.724,0.011,1
60500,52500,625,5,19.7,33,5,680,home_improvement,rent,bachelors,0.868,0.013,0
50600,36300,771,9,23.4,18,8,12730,major_purchase,rent,high_school,0.717,0.351,1
65800,73300,749,5,27.7,33,5,1120,other,mortgage,bachelors,1.114,0.015,1
55700,47400,750,12,19.0,31,6,60420,education,own,bachelors,0.851,1.275,1
56900,195400,703,4,65.0,48,1,225990,home_improvement,rent,high_school,3.434,1.157,0
45100,153200,772,3,65.0,37,4,3510,other,own,bachelors,3.397,0.023,0
28900,93200,793,4,65.0,39,6,7580,debt_consolidation,rent,high_school,3.225,0.081,1
27000,78000,709,10,65.0,37,5,380,debt_consolidation,mortgage,bachelors,2.889,0.005,0
72700,56300,675,18,11.6,34,6,20830,home_improvement,own,high_school,0.774,0.37,1
47800,24800,761,22,16.3,41,5,210,medical,rent,high_school,0.519,0.008,1
41400,51500,608,9,34.2,35,4,750,debt_consolidation,mortgage,high_school,1.244,0.015,1
54400,64300,623,11,29.3,28,5,5800,medical,mortgage,some_college,1.182,0.09,0
77500,70300,680,1,21.8,35,3,10580,debt_consolidation,mortgage,some_college,0.907,0.15,0
58800,83200,536,2,33.4,34,3,620,debt_consolidation,rent,some_college,1.415,0.007,0
40300,114100,755,3,62.9,46,3,2300,other,mortgage,bachelors,2.831,0.02,0
94100,36900,603,15,23.6,45,5,480,major_purchase,rent,high_school,0.392,0.013,1
110300,37100,644,15,18.3,31,3,3150,home_improvement,other,high_school,0.336,0.085,1
67700,165300,666,26,49.9,37,3,1600,medical,mortgage,high_school,2.442,0.01,1
84000,102700,688,3,29.1,41,3,2020,home_improvement,own,bachelors,1.223,0.02,1
94700,45500,655,5,15.7,42,2,12230,debt_consolidation,mortgage,bachelors,0.48,0.269,1
90100,55500,679,1,15.6,56,5,7290,home_improvement,mortgage,bachelors,0.616,0.131,1
71400,55700,679,1,21.4,37,4,10780,other,mortgage,bachelors,0.78,0.194,1
70900,61200,647,5,22.4,50,2,4100,debt_consolidation,mortgage,bachelors,0.863,0.067,0
68400,83400,619,3,25.1,25,5,13410,debt_consolidation,mortgage,high_school,1.219,0.161,1
33100,353100,776,3,65.0,30,5,4680,medical,rent,bachelors,10.668,0.013,0
74300,68400,506,3,26.3,39,4,2470,home_improvement,rent,high_school,0.921,0.036,0
29400,95200,667,16,63.7,45,4,10920,debt_consolidation,rent,bachelors,3.238,0.115,0
37900,18400,645,13,17.3,40,6,2720,home_improvement,mortgage,bachelors,0.485,0.148,1
97400,42600,720,2,12.0,44,6,3100,other,mortgage,high_school,0.437,0.073,1
79100,141500,561,13,38.0,44,8,21930,debt_consolidation,rent,some_college,1.789,0.155,0
105800,79300,642,3,24.2,24,10,19220,debt_consolidation,rent,high_school,0.75,0.242,1
47900,96000,676,1,46.0,46,10,3240,home_improvement,mortgage,bachelors,2.004,0.034,0
32300,229300,775,3,65.0,38,3,16680,home_improvement,own,some_college,7.099,0.073,0
48600,14800,713,7,14.7,44,7,820,debt_consolidation,rent,some_college,0.305,0.055,0
56700,173400,584,2,62.8,36,4,3270,major_purchase,mortgage,some_college,3.058,0.019,0
56100,8600,643,9,6.8,42,4,1720,home_improvement,mortgage,bachelors,0.153,0.2,1
90200,115500,760,4,30.4,50,6,4900,major_purchase,own,bachelors,1.28,0.042,0
46000,59500,582,8,33.0,35,5,13740,home_improvement,mortgage,bachelors,1.293,0.231,0
63500,11600,678,2,12.5,41,2,10700,debt_consolidation,own,graduate,0.183,0.922,1
34700,81800,684,6,43.7,51,4,8840,debt_consolidation,own,high_school,2.357,0.108,0
66300,134000,652,3,45.0,36,5,5960,education,mortgage,high_school,2.021,0.044,1
54300,77200,649,5,33.7,25,6,3930,major_purchase,rent,bachelors,1.422,0.051,0
38700,90200,723,21,42.4,45,4,26410,debt_consolidation,rent,high_school,2.331,0.293,0
48700,44900,619,4,21.4,53,5,560,major_purchase,mortgage,bachelors,0.922,0.012,0
49900,16300,729,2,15.8,52,1,1930,debt_consolidation,mortgage,graduate,0.327,0.118,1
48000,97200,759,6,50.0,45,3,8740,education,own,some_college,2.025,0.09,1
120200,203800,635,6,32.0,31,7,41730,major_purchase,rent,high_school,1.696,0.205,1
51800,132000,680,6,57.8,31,3,3030,debt_consolidation,own,graduate,2.548,0.023,0
48500,14900,608,9,6.0,38,3,3410,debt_consolidation,rent,some_college,0.307,0.229,1
21100,20700,587,4,31.2,56,7,810,debt_consolidation,rent,high_school,0.981,0.039,0
36200,33100,773,10,23.5,26,8,2300,debt_consolidation,rent,some_college,0.914,0.069,1
48100,19600,637,6,12.5,62,6,13250,home_improvement,mortgage,high_school,0.407,0.676,0
39800,61800,479,1,37.4,33,4,44850,debt_consolidation,rent,high_school,1.553,0.726,0
100900,78900,835,11,18.2,29,2,3260,major_purchase,own,high_school,0.782,0.041,1
50300,22000,616,7,17.9,47,8,1610,home_improvement,rent,some_college,0.437,0.073,0
96700,103200,664,9,26.7,48,5,5420,debt_consolidation,rent,some_college,1.067,0.053,0
55700,91200,824,2,22.2,45,5,510,debt_consolidation,rent,bachelors,1.637,0.006,1
55100,40800,672,11,18.1,29,2,27720,debt_consolidation,rent,some_college,0.74,0.679,1
52100,53100,671,25,27.1,43,6,880,home_improvement,other,bachelors,1.019,0.017,1
54300,15300,580,1,17.3,26,3,7630,major_purchase,mortgage,bachelors,0.282,0.499,1
117400,47400,546,12,16.6,29,4,7470,debt_consolidation,mortgage,high_school,0.404,0.158,1
19100,60200,670,7,65.0,36,5,11840,debt_consolidation,own,high_school,3.152,0.197,0
22000,67400,715,6,59.6,28,4,7030,other,own,bachelors,3.064,0.104,0
42400,78100,710,11,44.1,49,12,4930,home_improvement,own,high_school,1.842,0.063,1
54500,71000,644,10,34.4,31,3,8960,home_improvement,own,some_college,1.303,0.126,0
73900,49800,686,14,13.6,35,1,15810,debt_consolidation,own,high_school,0.674,0.317,1
67000,73200,528,2,32.1,28,3,60780,debt_consolidation,mortgage,some_college,1.093,0.83,0
45600,120700,724,15,57.0,49,8,1050,major_purchase,mortgage,some_college,2.647,0.009,0
85700,56000,698,8,18.6,30,7,370,major_purchase,rent,bachelors,0.653,0.007,0
86100,74800,685,1,22.4,50,2,560,debt_consolidation,mortgage,bachelors,0.869,0.007,1
58900,52600,604,4,19.9,49,2,390,debt_consolidation,rent,some_college,0.893,0.007,1
83500,38100,680,7,18.7,33,3,920,home_improvement,mortgage,some_college,0.456,0.024,1
61200,86300,657,4,34.6,38,3,770,debt_consolidation,own,some_college,1.41,0.009,1
42100,40600,721,5,27.7,32,5,2740,other,rent,high_school,0.964,0.067,1
74200,78500,687,3,27.4,44,6,16270,home_improvement,rent,bachelors,1.058,0.207,1
56900,61100,577,34,28.2,35,5,11810,education,mortgage,some_college,1.074,0.193,1
54200,48400,545,10,22.9,33,4,2060,debt_consolidation,own,bachelors,0.893,0.043,0
105100,47600,707,6,20.5,38,7,2320,home_improvement,rent,high_school,0.453,0.049,1
18000,42000,802,2,52.4,20,3,82050,debt_consolidation,rent,high_school,2.333,1.954,1
28600,18900,691,14,20.6,37,9,11300,other,other,bachelors,0.661,0.598,1
31800,78300,754,9,51.8,45,6,6260,home_improvement,mortgage,bachelors,2.462,0.08,1
46000,70400,771,2,28.5,39,4,5830,major_purchase,own,some_college,1.53,0.083,1
48300,108500,707,2,40.5,48,2,3280,debt_consolidation,mortgage,graduate,2.246,0.03,1
27500,41300,615,5,33.6,33,5,81180,home_improvement,mortgage,bachelors,1.502,1.966,0
34800,225700,701,6,65.0,32,4,3770,home_improvement,own,some_college,6.486,0.017,0
36800,45900,787,9,27.6,25,5,6060,debt_consolidation,mortgage,bachelors,1.247,0.132,1
163700,32400,730,6,8.9,33,2,490,medical,rent,bachelors,0.198,0.015,1
121900,29900,748,10,8.5,59,4,2020,home_improvement,own,some_college,0.245,0.068,1
45000,17800,645,4,10.0,41,3,2270,home_improvement,own,high_school,0.396,0.128,1
46000,175100,667,6,65.0,31,2,9710,debt_consolidation,mortgage,bachelors,3.807,0.055,1
32300,156300,674,15,65.0,26,4,1660,major_purchase,rent,some_college,4.839,0.011,1
23000,91200,680,10,65.0,20,2,5260,debt_consolidation,rent,bachelors,3.965,0.058,0
51400,32000,784,6,17.1,28,0,2100,home_improvement,mortgage,some_college,0.623,0.066,1
34600,212800,485,8,65.0,46,1,1050,education,rent,high_school,6.15,0.005,0
52100,46800,687,6,25.1,33,2,990,debt_consolidation,other,high_school,0.898,0.021,1
26400,49600,678,1,43.4,27,5,3860,education,rent,high_school,1.879,0.078,0
38400,163700,568,18,65.0,28,3,5680,education,mortgage,bachelors,4.263,0.035,0
57900,95000,742,3,34.5,45,3,3750,debt_consolidation,rent,high_school,1.641,0.039,0
63900,279500,623,4,65.0,37,5,1530,debt_consolidation,mortgage,bachelors,4.374,0.005,0
65400,71300,654,30,29.4,31,8,4050,medical,mortgage,bachelors,1.09,0.057,0
29900,45300,842,2,35.8,34,7,3130,other,mortgage,some_college,1.515,0.069,1
79600,39000,770,5,20.1,62,6,1140,debt_consolidation,own,some_college,0.49,0.029,0
37800,16400,733,15,10.2,51,3,5520,other,rent,graduate,0.434,0.337,1
72000,49300,717,21,22.0,54,2,61970,debt_consolidation,mortgage,high_school,0.685,1.257,1
53900,133400,671,9,60.8,18,7,3990,debt_consolidation,mortgage,some_college,2.475,0.03,0
29200,91100,753,14,64.3,36,7,640,education,mortgage,some_college,3.12,0.007,1
47000,60700,621,5,31.6,30,2,38410,debt_consolidation,rent,graduate,1.291,0.633,0
63900,29800,565,0,18.5,43,7,28570,medical,mortgage,graduate,0.466,0.959,0
71400,70200,733,14,23.5,49,5,36520,debt_consolidation,rent,bachelors,0.983,0.52,1
50800,121700,680,6,47.3,41,2,4630,debt_consolidation,rent,some_college,2.396,0.038,0
107900,80900,563,4,21.7,28,6,1640,other,rent,graduate,0.75,0.02,1
85300,67300,721,4,15.6,30,6,1410,debt_consolidation,mortgage,some_college,0.789,0.021,1
48300,34300,662,10,22.4,44,4,24290,major_purchase,mortgage,bachelors,0.71,0.708,1
75900,109900,730,10,36.3,45,6,46550,other,mortgage,graduate,1.448,0.424,1
129300,6700,722,6,2.5,39,8,1350,medical,mortgage,high_school,0.052,0.201,1
130900,78300,633,8,19.4,39,7,140,other,mortgage,bachelors,0.598,0.002,1
31200,361900,738,2,65.0,38,7,4790,other,rent,some_college,11.599,0.013,0
35700,20800,642,5,24.4,40,3,1390,debt_consolidation,rent,bachelors,0.583,0.067,0
105700,50600,648,2,21.9,45,2,1830,major_purchase,mortgage,some_college,0.479,0.036,1
33700,59500,639,2,43.1,44,5,3520,home_improvement,other,high_school,1.766,0.059,1
29900,43300,781,8,38.9,38,6,8720,major_purchase,other,bachelors,1.448,0.201,1
43500,123700,661,6,57.7,37,4,1650,medical,mortgage,high_school,2.844,0.013,0
65500,83300,801,4,31.9,37,9,5950,debt_consolidation,other,high_school,1.272,0.071,1
51700,66600,836,5,30.2,29,6,4120,medical,mortgage,high_school,1.288,0.062,1
40400,104600,622,8,50.6,29,6,190,home_improvement,mortgage,bachelors,2.589,0.002,0
40000,60600,436,10,35.6,43,4,10540,major_purchase,rent,bachelors,1.515,0.174,0
39300,554500,773,9,65.0,30,7,2610,home_improvement,own,some_college,14.109,0.005,0
36500,66600,655,1,40.0,46,2,840,debt_consolidation,rent,high_school,1.825,0.013,1
151300,68600,611,0,15.9,37,6,1780,major_purchase,rent,some_college,0.453,0.026,1
61900,18100,634,3,13.5,47,4,6530,home_improvement,mortgage,high_school,0.292,0.361,1
80700,40900,649,0,20.7,45,6,5240,education,mortgage,high_school,0.507,0.128,1
43500,133700,795,17,61.0,47,4,12120,medical,mortgage,bachelors,3.074,0.091,0
49800,23500,698,5,11.4,32,9,9060,education,mortgage,high_school,0.472,0.386,1
39300,13200,794,1,16.8,42,4,950,medical,mortgage,high_school,0.336,0.072,1
16400,61200,727,5,65.0,46,3,80,other,rent,high_school,3.732,0.001,0
29100,156300,658,0,65.0,20,3,5820,debt_consolidation,rent,graduate,5.371,0.037,0
24000,61700,651,1,49.7,56,4,11890,major_purchase,mortgage,some_college,2.571,0.193,0
19700,47300,732,4,50.7,62,2,3700,debt_consolidation,mortgage,bachelors,2.401,0.078,1
31600,16300,754,4,18.4,48,7,12390,home_improvement,mortgage,high_school,0.516,0.76,1
98300,82200,769,4,18.8,46,6,1210,education,mortgage,some_college,0.836,0.015,1
53100,95100,662,8,37.2,44,3,3030,major_purchase,own,bachelors,1.791,0.032,1
96800,17200,699,12,10.6,34,7,1350,major_purchase,mortgage,high_school,0.178,0.078,1
65200,132500,734,6,49.3,36,2,13050,major_purchase,mortgage,some_college,2.032,0.098,1
77000,102300,652,12,32.8,48,6,1370,debt_consolidation,rent,some_college,1.329,0.013,0
36100,132300,588,4,65.0,27,7,87890,other,own,graduate,3.665,0.664,0
68600,90100,616,14,30.8,26,3,2430,debt_consolidation,mortgage,bachelors,1.313,0.027,0
75200,94600,664,7,28.0,33,7,15020,debt_consolidation,rent,bachelors,1.258,0.159,0
41800,86200,741,11,43.5,45,2,2480,debt_consolidation,rent,some_college,2.062,0.029,1
69700,110000,792,4,39.3,28,8,31970,other,mortgage,bachelors,1.578,0.291,1
69900,16800,569,6,4.6,35,9,30310,home_improvement,rent,some_college,0.24,1.804,1
42300,20900,634,23,22.2,36,5,3120,home_improvement,rent,high_school,0.494,0.149,0
32700,35800,654,6,36.5,26,6,7220,debt_consolidation,rent,some_college,1.095,0.202,0
31800,54700,752,12,39.6,26,5,29250,debt_consolidation,rent,high_school,1.72,0.535,0
56300,78600,640,13,29.8,40,4,7530,debt_consolidation,rent,high_school,1.396,0.096,0
62800,75200,648,9,34.2,43,7,1350,debt_consolidation,rent,graduate,1.197,0.018,0
37900,130900,564,11,65.0,43,4,5420,home_improvement,own,graduate,3.454,0.041,1
54800,133800,726,4,49.8,44,3,1720,debt_consolidation,mortgage,bachelors,2.442,0.013,1
70000,32500,671,3,12.5,31,3,6070,home_improvement,rent,high_school,0.464,0.187,1
71600,70800,629,2,24.2,28,5,1630,home_improvement,own,high_school,0.989,0.023,0
108900,33100,662,8,14.2,42,3,8280,home_improvement,own,high_school,0.304,0.25,1
96200,52500,780,6,21.4,35,8,400,education,mortgage,bachelors,0.546,0.008,1
34500,75000,599,8,48.3,47,4,1020,debt_consolidation,mortgage,high_school,2.174,0.014,0
115600,5500,613,2,10.7,42,4,1620,home_improvement,rent,high_school,0.048,0.295,1
42700,323800,791,3,65.0,52,5,3930,debt_consolidation,mortgage,bachelors,7.583,0.012,0
86700,89000,691,12,29.9,32,2,590,other,mortgage,some_college,1.027,0.007,0
55900,39500,741,7,19.9,49,2,1430,other,rent,bachelors,0.707,0.036,0
45000,230800,719,7,65.0,60,3,14610,debt_consolidation,mortgage,some_college,5.129,0.063,0
24000,46900,681,5,40.6,38,4,17260,debt_consolidation,rent,some_college,1.954,0.368,0
50200,65700,655,3,33.1,43,4,140,debt_consolidation,mortgage,bachelors,1.309,0.002,0
26900,42600,755,14,45.3,27,5,2160,debt_consolidation,own,high_school,1.584,0.051,1
83700,190300,783,16,53.1,47,2,29280,debt_consolidation,mortgage,high_school,2.274,0.154,1
107200,55600,777,6,20.3,50,3,8440,debt_consolidation,rent,some_college,0.519,0.152,1
37900,66500,584,5,40.8,32,6,8690,debt_consolidation,rent,some_college,1.755,0.131,1
62100,139100,795,16,48.5,44,2,10830,debt_consolidation,mortgage,some_college,2.24,0.078,1
39100,90200,654,3,48.8,41,2,1280,debt_consolidation,other,some_college,2.307,0.014,1
40800,57600,620,4,31.2,42,2,6630,debt_consolidation,mortgage,some_college,1.412,0.115,0
76800,130300,670,11,32.4,46,4,9510,home_improvement,mortgage,some_college,1.697,0.073,1
53200,354000,755,4,65.0,43,3,5710,education,mortgage,graduate,6.654,0.016,0
118500,74800,730,6,13.2,36,5,2830,debt_consolidation,rent,high_school,0.631,0.038,1
43600,65000,663,0,37.4,47,4,4590,debt_consolidation,own,graduate,1.491,0.071,0
84900,67500,756,16,21.1,50,6,1000,other,own,bachelors,0.795,0.015,1
56600,149800,696,11,51.8,31,4,11610,debt_consolidation,rent,high_school,2.647,0.078,0
77500,39400,636,13,22.8,37,2,660,debt_consolidation,mortgage,high_school,0.508,0.017,1
44300,49300,624,2,22.2,18,1,1570,major_purchase,rent,some_college,1.113,0.032,0
53000,20400,719,18,12.3,44,3,12770,debt_consolidation,mortgage,bachelors,0.385,0.626,1
51400,26100,677,6,14.8,51,7,7380,home_improvement,mortgage,some_college,0.508,0.283,1
37200,41700,568,14,28.8,35,3,2500,medical,mortgage,some_college,1.121,0.06,0
73000,57600,757,8,19.8,39,5,450,home_improvement,rent,high_school,0.789,0.008,1
72600,206600,644,11,65.0,35,7,4610,medical,own,bachelors,2.846,0.022,0
70800,87100,820,8,24.7,33,5,2030,debt_consolidation,mortgage,graduate,1.23,0.023,1
108200,31600,565,4,29.6,40,3,9630,debt_consolidation,own,some_college,0.292,0.305,1
104000,36000,669,1,10.0,29,2,2380,debt_consolidation,other,bachelors,0.346,0.066,1
45800,156700,625,15,65.0,35,4,420,home_improvement,own,high_school,3.421,0.003,0
64100,131700,602,0,49.4,28,4,710,major_purchase,rent,some_college,2.055,0.005,0
40900,61100,643,12,34.4,44,1,2700,major_purchase,mortgage,bachelors,1.494,0.044,1
54700,43900,835,15,23.4,40,4,5720,debt_consolidation,rent,bachelors,0.803,0.13,1
41400,131600,697,1,63.7,33,5,960,other,mortgage,some_college,3.179,0.007,0
112300,29900,617,4,14.2,38,1,1700,debt_consolidation,mortgage,some_college,0.266,0.057,1
63800,78800,529,1,27.3,35,3,14910,other,other,high_school,1.235,0.189,0
49100,293900,538,3,65.0,50,1,23240,debt_consolidation,own,some_college,5.986,0.079,0
92700,69100,639,13,22.1,33,7,7240,major_purchase,rent,bachelors,0.745,0.105,1
20400,34800,631,11,34.7,44,8,3300,major_purchase,rent,bachelors,1.706,0.095,0
21900,79800,665,10,65.0,30,4,2060,major_purchase,own,high_school,3.644,0.026,1
77500,43100,491,4,19.5,46,5,10460,medical,rent,graduate,0.556,0.243,1
55700,22600,677,0,12.4,49,7,3160,major_purchase,mortgage,graduate,0.406,0.14,1
60600,97800,772,2,35.3,49,2,17820,major_purchase,mortgage,high_school,1.614,0.182,1
29800,130900,822,5,65.0,54,8,19180,education,own,high_school,4.393,0.147,0
53600,48200,523,2,28.5,41,6,8730,debt_consolidation,rent,some_college,0.899,0.181,1
133500,46000,616,12,13.6,51,6,2450,home_improvement,own,graduate,0.345,0.053,1
78500,30500,612,19,18.7,55,6,2730,major_purchase,mortgage,some_college,0.389,0.09,1
58500,53900,697,8,29.3,25,1,490,debt_consolidation,rent,some_college,0.921,0.009,1
44500,40400,581,1,29.6,31,9,4570,debt_consolidation,own,graduate,0.908,0.113,1
45400,29500,827,15,21.4,21,3,4370,debt_consolidation,mortgage,high_school,0.65,0.148,1
20800,225100,688,7,65.0,49,2,710,debt_consolidation,own,graduate,10.822,0.003,0
60800,83000,674,6,36.1,21,3,134570,major_purchase,own,bachelors,1.365,1.621,1
79300,89400,820,9,27.5,18,5,10710,major_purchase,mortgage,some_college,1.127,0.12,1
26700,111100,683,2,65.0,25,5,1520,debt_consolidation,mortgage,bachelors,4.161,0.014,0
40200,102700,719,4,51.5,18,3,87190,home_improvement,rent,bachelors,2.555,0.849,1
32200,44800,621,6,30.6,40,5,2450,debt_consolidation,rent,some_college,1.391,0.055,0
35100,72500,568,7,42.4,26,4,15720,other,other,bachelors,2.066,0.217,0
55500,49600,633,8,18.8,19,0,5560,major_purchase,rent,some_college,0.894,0.112,0
21200,81400,738,9,65.0,37,2,2570,debt_consolidation,other,bachelors,3.84,0.032,0
71400,76100,708,3,23.1,38,4,3070,debt_consolidation,mortgage,bachelors,1.066,0.04,1
76100,45800,602,1,21.1,30,2,36730,education,own,graduate,0.602,0.802,0
48400,23600,762,5,12.5,37,6,16760,home_improvement,mortgage,bachelors,0.488,0.71,1
17700,66300,569,5,65.0,34,1,4140,debt_consolidation,mortgage,graduate,3.746,0.062,0
34600,51900,551,1,35.0,34,8,280,major_purchase,rent,high_school,1.5,0.005,0
94400,15900,637,3,18.3,50,8,7530,debt_consolidation,mortgage,high_school,0.168,0.474,1
15500,85400,846,7,65.0,61,2,860,other,rent,some_college,5.51,0.01,0
46300,117700,646,4,48.2,34,6,10450,education,mortgage,high_school,2.542,0.089,0
31900,351500,627,7,65.0,23,3,1810,debt_consolidation,mortgage,graduate,11.019,0.005,0
77800,45500,545,4,15.1,35,3,2090,major_purchase,rent,high_school,0.585,0.046,1
40000,41100,691,10,23.9,40,7,2010,education,own,some_college,1.028,0.049,0
65000,27500,698,2,24.8,37,6,20510,debt_consolidation,rent,some_college,0.423,0.746,1
69900,69300,752,6,29.7,44,5,410,education,rent,bachelors,0.991,0.006,0
123800,69000,762,6,16.8,62,2,13810,home_improvement,mortgage,high_school,0.557,0.2,1
49400,33900,668,12,27.8,19,7,7940,debt_consolidation,mortgage,graduate,0.686,0.234,1
64200,53000,732,4,20.4,32,4,4440,other,rent,some_college,0.826,0.084,1
27800,15000,625,19,16.1,54,4,2620,major_purchase,rent,high_school,0.54,0.175,1
92600,114500,730,18,28.4,32,2,9710,debt_consolidation,mortgage,high_school,1.237,0.085,1
38500,34900,641,2,28.4,46,5,2650,home_improvement,rent,graduate,0.906,0.076,1
42100,58400,724,6,32.7,44,7,2620,major_purchase,mortgage,high_school,1.387,0.045,1
53600,22100,717,1,21.5,51,5,5370,major_purchase,mortgage,high_school,0.412,0.243,1
26800,39800,690,9,36.5,59,8,54590,debt_consolidation,own,some_college,1.485,1.372,0
60100,49200,752,4,26.4,41,2,590,major_purchase,mortgage,some_college,0.819,0.012,1
83700,59400,551,7,13.5,18,6,9910,education,mortgage,some_college,0.71,0.167,1
61800,83800,594,5,25.6,30,6,4020,medical,rent,high_school,1.356,0.048,0
26500,164000,662,33,65.0,62,6,3610,debt_consolidation,other,some_college,6.189,0.022,0
51200,100000,562,5,41.4,22,4,580,other,other,bachelors,1.953,0.006,0
75700,117400,650,5,29.8,43,7,420,debt_consolidation,mortgage,some_college,1.551,0.004,1
23300,164800,653,12,65.0,23,4,7910,medical,rent,some_college,7.073,0.048,0
33400,89200,796,13,55.3,47,3,830,debt_consolidation,other,graduate,2.671,0.009,0
80400,58400,697,7,23.5,38,4,20390,other,mortgage,bachelors,0.726,0.349,1
61200,121300,772,14,41.7,33,4,1190,education,mortgage,bachelors,1.982,0.01,0
65200,126900,710,29,46.3,29,6,10630,education,own,some_college,1.946,0.084,0
125100,94300,639,5,13.7,45,4,2190,debt_consolidation,own,some_college,0.754,0.023,1
66900,21600,696,2,13.6,34,2,2050,medical,rent,some_college,0.323,0.095,0
72800,33200,747,8,18.2,21,4,1370,debt_consolidation,mortgage,some_college,0.456,0.041,0
183500,49400,786,13,15.2,38,3,9060,home_improvement,mortgage,high_school,0.269,0.183,1
49200,103300,673,18,44.5,44,3,13380,other,rent,some_college,2.1,0.13,1
37800,59000,544,9,29.3,35,6,3160,major_purchase,rent,some_college,1.561,0.054,1
65700,132700,538,6,48.4,39,4,11250,major_purchase,mortgage,some_college,2.02,0.085,0
66000,150300,657,3,47.4,38,5,5000,debt_consolidation,rent,high_school,2.277,0.033,0
42700,138600,486,15,65.0,30,6,760,home_improvement,mortgage,high_school,3.246,0.005,0
34000,139200,837,8,65.0,38,3,8350,debt_consolidation,mortgage,some_college,4.094,0.06,0
153200,29000,735,1,11.8,46,3,3230,debt_consolidation,mortgage,some_college,0.189,0.111,1
62800,83900,630,23,30.0,49,7,130,other,rent,some_college,1.336,0.002,0
39000,39100,590,2,23.7,46,3,2840,major_purchase,own,bachelors,1.003,0.073,1
81800,18900,772,13,14.7,30,6,460,debt_consolidation,own,bachelors,0.231,0.024,1
51600,49000,590,7,21.8,44,9,880,home_improvement,rent,high_school,0.95,0.018,1
48300,151300,598,1,65.0,43,2,3470,debt_consolidation,other,high_school,3.133,0.023,0
69800,82700,619,5,33.7,30,6,4420,debt_consolidation,mortgage,bachelors,1.185,0.053,0
30300,245800,694,5,65.0,32,4,1530,education,own,some_college,8.112,0.006,0
63500,67800,737,1,31.2,45,7,10280,debt_consolidation,own,some_college,1.068,0.152,1
128100,332200,786,9,54.4,53,3,4190,debt_consolidation,own,high_school,2.593,0.013,1
66800,67800,773,12,23.5,18,5,2710,debt_consolidation,mortgage,graduate,1.015,0.04,1
45700,60800,685,6,25.3,56,6,5220,major_purchase,rent,some_college,1.33,0.086,1
43100,24500,771,4,19.3,50,3,26560,debt_consolidation,own,high_school,0.568,1.084,1
45000,130300,627,9,61.3,40,3,240,debt_consolidation,own,bachelors,2.896,0.002,0
48300,42100,530,0,27.6,35,7,30310,other,rent,high_school,0.872,0.72,0
45700,38100,627,4,26.5,42,6,2070,home_improvement,mortgage,high_school,0.834,0.054,1
81800,146800,616,4,48.6,30,2,1650,debt_consolidation,mortgage,bachelors,1.795,0.011,1
24800,134700,631,6,65.0,36,6,2800,education,mortgage,graduate,5.431,0.021,0
79800,132200,603,1,39.2,21,3,1420,home_improvement,own,some_college,1.657,0.011,0
45700,46500,645,0,23.6,18,5,1150,education,rent,bachelors,1.018,0.025,0
64200,57800,737,2,27.9,63,7,16080,debt_consolidation,own,some_college,0.9,0.278,1
32600,57400,830,9,36.0,38,3,6150,debt_consolidation,mortgage,bachelors,1.761,0.107,1
98500,103500,538,4,30.6,40,3,340,debt_consolidation,mortgage,bachelors,1.051,0.003,0
94900,177600,575,2,38.7,37,2,12630,home_improvement,rent,bachelors,1.871,0.071,0
83400,77500,617,21,27.8,28,4,10300,debt_consolidation,mortgage,high_school,0.929,0.133,0
27400,238600,750,4,65.0,34,1,610,home_improvement,rent,high_school,8.708,0.003,0
78700,112200,667,6,27.4,39,3,6330,debt_consolidation,rent,bachelors,1.426,0.056,1
65000,50800,623,15,16.7,35,3,11720,home_improvement,mortgage,some_college,0.782,0.231,1
26300,106900,745,7,65.0,29,4,520,debt_consolidation,mortgage,graduate,4.065,0.005,0
53600,197600,766,9,65.0,43,5,7330,debt_consolidation,own,high_school,3.687,0.037,1
63800,242500,683,3,65.0,40,6,1910,home_improvement,rent,graduate,3.801,0.008,0
69600,137400,615,6,41.6,42,2,10500,education,own,high_school,1.974,0.076,0
58700,61000,707,19,23.3,45,6,1330,other,mortgage,high_school,1.039,0.022,1
61800,51400,665,8,24.3,36,8,21140,debt_consolidation,mortgage,graduate,0.832,0.411,1
105100,89600,664,7,19.5,36,1,3490,home_improvement,mortgage,some_college,0.853,0.039,1
94100,193300,641,5,46.4,54,3,2080,debt_consolidation,own,some_college,2.054,0.011,0
14900,81100,763,1,65.0,27,2,1790,home_improvement,mortgage,some_college,5.443,0.022,1
47000,82300,706,14,37.8,44,1,16710,debt_consolidation,rent,some_college,1.751,0.203,0
50300,62100,773,6,35.1,31,4,1790,education,mortgage,graduate,1.235,0.029,1
24600,47600,798,3,46.6,26,1,21690,other,rent,bachelors,1.935,0.456,0
56500,53500,724,1,21.1,47,9,6630,debt_consolidation,mortgage,bachelors,0.947,0.124,0
95000,65800,641,8,17.0,36,4,710,debt_consolidation,own,some_college,0.693,0.011,1
33200,199300,773,2,65.0,24,4,5100,home_improvement,rent,high_school,6.003,0.026,0
63000,50600,724,14,16.7,59,3,5250,major_purchase,rent,bachelors,0.803,0.104,1
35900,62100,711,3,45.0,20,3,670,medical,rent,high_school,1.73,0.011,1
40000,32700,744,6,23.3,37,8,4970,debt_consolidation,own,high_school,0.818,0.152,1
105300,98900,709,8,22.6,40,4,10500,debt_consolidation,rent,bachelors,0.939,0.106,1
42400,155900,676,7,65.0,30,4,23850,major_purchase,rent,bachelors,3.677,0.153,1
66700,186700,663,12,63.8,47,6,22430,home_improvement,other,some_college,2.799,0.12,0
23300,69000,710,4,52.8,37,7,139340,major_purchase,rent,bachelors,2.961,2.019,1
125200,89500,729,6,25.0,52,2,4920,debt_consolidation,mortgage,graduate,0.715,0.055,1
71100,53800,783,9,26.4,33,2,10670,debt_consolidation,rent,some_college,0.757,0.198,1
49900,86600,711,18,38.0,20,3,2100,debt_consolidation,own,high_school,1.735,0.024,1
70200,74600,645,11,26.8,40,0,68730,medical,mortgage,high_school,1.063,0.921,1
28700,62400,657,13,47.7,35,3,1410,home_improvement,rent,some_college,2.174,0.023,0
92200,65900,572,5,23.8,26,3,64530,debt_consolidation,mortgage,bachelors,0.715,0.979,0
46800,82200,826,8,36.7,29,5,53920,debt_consolidation,own,some_college,1.756,0.656,1
49400,48700,639,16,25.7,55,7,1640,education,own,bachelors,0.986,0.034,1
43400,50500,767,6,28.5,45,5,20970,home_improvement,own,some_college,1.164,0.415,1
41700,197800,708,8,65.0,34,7,9320,education,rent,some_college,4.743,0.047,0
74100,399300,710,1,65.0,43,9,2760,other,rent,high_school,5.389,0.007,0
60800,25800,675,10,12.7,31,2,4060,debt_consolidation,rent,high_school,0.424,0.157,0
72600,24800,618,7,14.5,42,2,7130,other,rent,high_school,0.342,0.288,1
54000,30600,602,10,15.2,39,3,8140,debt_consolidation,mortgage,high_school,0.567,0.266,1
68300,55700,831,5,20.7,32,6,39810,major_purchase,rent,high_school,0.816,0.715,1
44900,112100,694,1,48.6,37,5,10930,home_improvement,mortgage,high_school,2.497,0.098,0
147800,90600,780,10,12.9,41,1,1670,major_purchase,rent,bachelors,0.613,0.018,1
26800,67500,802,3,58.1,37,2,13920,major_purchase,rent,some_college,2.519,0.206,0
95600,86700,650,1,25.7,47,2,430,debt_consolidation,other,high_school,0.907,0.005,0
100300,36900,720,7,15.0,41,9,2860,home_improvement,rent,high_school,0.368,0.078,1
36900,50500,688,19,29.1,43,4,3270,debt_consolidation,own,high_school,1.369,0.065,1
147700,59000,586,3,14.9,56,5,12350,debt_consolidation,rent,bachelors,0.399,0.209,1
84800,19800,669,3,7.6,47,4,58640,major_purchase,own,some_college,0.233,2.962,1
83900,26600,734,11,13.6,57,2,6670,major_purchase,mortgage,bachelors,0.317,0.251,1
54900,27300,642,5,18.3,30,6,2960,debt_consolidation,own,some_college,0.497,0.108,0
49100,102200,657,10,43.3,20,4,1850,debt_consolidation,mortgage,high_school,2.081,0.018,1
49300,71100,670,5,30.9,36,8,15820,other,rent,bachelors,1.442,0.223,1
64600,91800,529,4,31.6,35,7,3740,home_improvement,mortgage,high_school,1.421,0.041,0
101800,16500,727,3,14.2,54,7,2430,major_purchase,own,some_college,0.162,0.147,1
58800,21200,663,8,15.3,25,5,18620,debt_consolidation,mortgage,bachelors,0.361,0.878,1
35900,95200,630,3,49.3,37,2,25260,major_purchase,own,bachelors,2.652,0.265,1
78500,8600,661,4,12.9,42,2,1280,medical,mortgage,some_college,0.11,0.149,1
82000,141100,741,14,41.1,39,2,600,debt_consolidation,rent,bachelors,1.721,0.004,1
72700,16700,746,25,12.9,36,7,4290,home_improvement,rent,some_college,0.23,0.257,1
75800,108000,700,9,40.2,41,6,1000,debt_consolidation,mortgage,bachelors,1.425,0.009,0
48000,32100,777,14,20.1,49,4,820,debt_consolidation,mortgage,high_school,0.669,0.026,1
35700,124800,792,4,65.0,54,4,1140,major_purchase,mortgage,some_college,3.496,0.009,0
36700,565600,754,5,65.0,38,2,21270,major_purchase,rent,high_school,15.411,0.038,0
26000,12200,638,7,20.0,29,3,12220,home_improvement,mortgage,some_college,0.469,1.002,0
60300,97400,727,3,36.2,54,5,153350,home_improvement,mortgage,some_college,1.615,1.574,1
52200,16900,727,4,11.2,26,5,2000,home_improvement,mortgage,bachelors,0.324,0.118,1
44400,80700,615,10,44.6,57,6,31630,home_improvement,own,bachelors,1.818,0.392,0
14300,51800,551,6,65.0,52,3,9810,debt_consolidation,mortgage,some_college,3.622,0.189,0
30900,65600,513,5,51.3,54,1,2260,debt_consolidation,rent,bachelors,2.123,0.034,0
89700,31600,690,5,16.0,45,7,4000,debt_consolidation,own,bachelors,0.352,0.127,1
40200,103400,710,2,47.7,26,6,2240,other,rent,bachelors,2.572,0.022,0
63700,21700,584,7,14.8,41,6,7060,debt_consolidation,mortgage,high_school,0.341,0.325,1
29000,142800,773,3,65.0,30,3,19560,debt_consolidation,mortgage,some_college,4.924,0.137,0
103500,45000,697,1,20.7,34,5,2930,home_improvement,mortgage,graduate,0.435,0.065,1
50800,22400,799,2,20.2,44,7,16120,medical,mortgage,some_college,0.441,0.72,1
61700,182900,716,5,63.8,36,3,29140,medical,mortgage,bachelors,2.964,0.159,0
154300,57100,594,10,6.4,24,5,39790,major_purchase,mortgage,some_college,0.37,0.697,1
107200,227600,723,12,42.9,47,3,950,debt_consolidation,rent,bachelors,2.123,0.004,0
47200,140800,741,1,60.2,43,4,4590,debt_consolidation,rent,bachelors,2.983,0.033,0
41500,34200,638,9,21.5,35,5,13270,education,rent,graduate,0.824,0.388,1
46800,56400,562,20,30.4,45,7,1070,education,mortgage,bachelors,1.205,0.019,0
68100,65200,693,12,31.2,39,4,790,other,own,some_college,0.957,0.012,1
51700,174300,599,7,65.0,52,3,4740,education,mortgage,some_college,3.371,0.027,1
45300,81300,780,7,36.6,39,4,2760,debt_consolidation,own,bachelors,1.795,0.034,1
104800,67700,650,7,16.3,52,4,3860,debt_consolidation,mortgage,bachelors,0.646,0.057,0
51500,52100,831,4,22.5,43,4,2540,major_purchase,own,high_school,1.012,0.049,1
152500,57800,504,12,14.4,33,2,101100,major_purchase,rent,some_college,0.379,1.749,1
56400,149200,696,2,58.8,28,8,2580,debt_consolidation,mortgage,bachelors,2.645,0.017,0
121000,60000,806,7,20.8,50,6,11160,major_purchase,own,high_school,0.496,0.186,1
63600,45400,609,1,19.3,47,4,10160,other,rent,bachelors,0.714,0.224,1
83600,40300,671,13,16.6,45,8,460,debt_consolidation,rent,bachelors,0.482,0.011,1
39100,40600,650,7,33.4,44,4,38280,debt_consolidation,own,some_college,1.038,0.943,0
36900,22400,626,1,13.0,30,5,11800,debt_consolidation,own,high_school,0.607,0.527,1
66600,35400,705,16,20.1,28,2,6120,debt_consolidation,mortgage,bachelors,0.532,0.173,1
84500,170900,574,6,46.5,20,5,21600,medical,own,some_college,2.022,0.126,0
55200,51800,675,2,23.7,34,7,4600,major_purchase,own,bachelors,0.938,0.089,0
30400,98000,728,21,65.0,36,7,16890,debt_consolidation,mortgage,high_school,3.224,0.172,1
29400,10600,666,5,16.2,46,5,360,education,mortgage,high_school,0.361,0.034,1
28500,89100,599,3,63.1,40,3,15440,home_improvement,rent,high_school,3.126,0.173,0
24500,53500,772,7,44.8,26,4,6360,home_improvement,own,some_college,2.184,0.119,1
56900,42700,747,2,18.7,40,9,6500,major_purchase,rent,graduate,0.75,0.152,1
89900,68000,596,4,29.1,35,8,1510,education,own,bachelors,0.756,0.022,0
53900,42300,575,15,20.4,27,1,3620,debt_consolidation,mortgage,high_school,0.785,0.086,0
19600,13500,604,5,21.2,20,2,3470,major_purchase,own,high_school,0.689,0.257,0
49700,114200,731,8,52.5,44,7,1000,major_purchase,mortgage,bachelors,2.298,0.009,0
50300,71000,708,16,32.6,42,6,8120,education,rent,high_school,1.412,0.114,1
139100,48100,752,5,14.4,44,2,44460,medical,own,high_school,0.346,0.924,1
28100,30400,657,3,29.5,29,3,670,other,mortgage,bachelors,1.082,0.022,0
45400,21400,606,10,13.1,39,3,9760,debt_consolidation,rent,high_school,0.471,0.456,1
116700,70000,763,1,12.7,22,6,2730,home_improvement,own,some_college,0.6,0.039,1
66300,185200,637,2,55.4,27,7,2320,debt_consolidation,rent,some_college,2.793,0.013,0
69800,69000,700,1,32.7,38,7,5460,home_improvement,rent,some_college,0.989,0.079,1
57000,22700,553,15,12.9,40,3,5570,education,own,high_school,0.398,0.245,0
62800,70100,636,6,28.6,20,4,6360,home_improvement,own,some_college,1.116,0.091,0
76900,57700,770,10,16.2,26,4,1010,debt_consolidation,mortgage,high_school,0.75,0.018,1
37600,109600,624,3,65.0,33,8,22600,major_purchase,rent,graduate,2.915,0.206,0
80400,91600,754,8,27.3,48,6,5510,debt_consolidation,rent,some_college,1.139,0.06,1
29200,7400,486,8,10.7,29,7,11290,debt_consolidation,rent,bachelors,0.253,1.526,1
62800,87700,637,21,32.6,39,4,26910,major_purchase,rent,some_college,1.396,0.307,1
58700,29700,670,9,27.2,40,2,330,education,mortgage,high_school,0.506,0.011,1
41100,22100,833,12,19.4,35,4,11880,debt_consolidation,rent,some_college,0.538,0.538,1
53600,52500,585,7,25.0,40,3,3910,home_improvement,rent,bachelors,0.979,0.074,1
40900,79800,742,0,31.6,23,4,20460,home_improvement,mortgage,high_school,1.951,0.256,1
33400,19000,774,8,23.7,30,6,1600,debt_consolidation,rent,high_school,0.569,0.084,1
46200,98000,623,5,43.4,53,10,18210,home_improvement,rent,bachelors,2.121,0.186,0
33000,102200,653,5,60.3,54,5,1120,debt_consolidation,rent,some_college,3.097,0.011,0
62600,61900,697,4,22.7,47,7,8630,education,rent,bachelors,0.989,0.139,1
32300,32600,559,5,32.0,50,8,7320,medical,rent,high_school,1.009,0.225,0
74600,30200,646,3,15.1,27,9,3950,debt_consolidation,rent,bachelors,0.405,0.131,1
31800,122800,793,11,65.0,34,5,1160,debt_consolidation,mortgage,bachelors,3.862,0.009,0
42000,20800,729,2,16.1,64,3,2930,debt_consolidation,mortgage,high_school,0.495,0.141,1
40900,126100,671,19,60.2,34,6,17890,other,rent,high_school,3.083,0.142,1
98400,53300,694,10,19.2,46,4,39450,education,rent,graduate,0.542,0.74,0
62900,56000,734,13,22.5,42,0,75800,education,rent,some_college,0.89,1.354,1
49300,18100,750,2,8.3,41,1,10280,home_improvement,own,high_school,0.367,0.568,0
67800,54000,637,4,22.0,37,3,6990,education,mortgage,high_school,0.796,0.129,1
21000,92000,815,7,65.0,24,5,9210,major_purchase,mortgage,some_college,4.381,0.1,0
53100,23500,796,6,11.0,52,6,73130,debt_consolidation,own,some_college,0.443,3.112,1
133100,84900,742,10,11.6,31,2,10190,home_improvement,rent,some_college,0.638,0.12,0
57500,63700,613,6,29.1,42,4,5550,home_improvement,mortgage,bachelors,1.108,0.087,0
55900,38200,598,20,19.2,42,5,3340,debt_consolidation,mortgage,high_school,0.683,0.087,0
69300,108900,657,2,35.4,46,3,3930,debt_consolidation,rent,bachelors,1.571,0.036,1
81100,12800,690,2,13.8,50,5,8440,debt_consolidation,rent,graduate,0.158,0.659,1
22100,76300,534,4,62.4,27,8,1720,major_purchase,own,high_school,3.452,0.023,0
25400,186000,727,5,65.0,28,6,2040,debt_consolidation,mortgage,bachelors,7.323,0.011,0
59600,164100,794,14,60.2,34,4,4490,debt_consolidation,rent,high_school,2.753,0.027,1
39300,78700,734,8,43.3,47,3,2610,major_purchase,own,some_college,2.003,0.033,0
97800,48500,627,0,11.3,39,5,11330,home_improvement,rent,high_school,0.496,0.234,1
47000,38400,617,0,20.1,48,0,12630,debt_consolidation,rent,some_college,0.817,0.329,0
22700,48400,710,5,44.6,47,4,7100,other,rent,high_school,2.132,0.147,0
30600,87600,671,4,53.2,45,6,9760,home_improvement,mortgage,high_school,2.863,0.111,0
15700,34000,722,6,48.5,49,4,5790,debt_consolidation,rent,high_school,2.166,0.17,0
48800,101700,736,5,45.5,55,8,1440,debt_consolidation,own,graduate,2.084,0.014,1
49800,266500,777,18,65.0,41,4,13230,debt_consolidation,rent,graduate,5.351,0.05,0
44800,57300,588,12,35.0,52,6,1520,debt_consolidation,mortgage,bachelors,1.279,0.027,1
88000,23400,703,4,10.7,25,2,16280,education,mortgage,some_college,0.266,0.696,1
92900,23400,654,6,18.5,18,4,17610,education,rent,graduate,0.252,0.753,1
50200,103100,676,5,43.9,57,3,3390,home_improvement,mortgage,graduate,2.054,0.033,0
20700,57400,758,0,54.1,27,2,2150,debt_consolidation,mortgage,bachelors,2.773,0.037,1
71500,110600,767,4,32.1,34,2,4980,debt_consolidation,own,bachelors,1.547,0.045,1
69600,41200,803,4,19.0,43,6,4620,major_purchase,rent,some_college,0.592,0.112,1
62300,107100,721,3,34.7,46,4,11820,education,mortgage,graduate,1.719,0.11,1
84300,53600,675,4,20.0,49,3,190,home_improvement,mortgage,some_college,0.636,0.004,1
32100,35900,663,5,26.5,40,4,1760,education,mortgage,bachelors,1.118,0.049,1
133800,45200,537,9,12.4,26,5,1190,debt_consolidation,mortgage,high_school,0.338,0.026,1
35200,25900,798,3,21.1,45,8,140,major_purchase,mortgage,high_school,0.736,0.005,1
75900,241000,657,15,65.0,45,3,2460,debt_consolidation,own,graduate,3.175,0.01,0
25400,56000,728,2,45.5,18,4,600,home_improvement,own,bachelors,2.205,0.011,1
35600,94000,742,13,56.3,53,3,2860,major_purchase,rent,bachelors,2.64,0.03,0
107200,41100,579,8,16.7,49,3,2480,major_purchase,mortgage,high_school,0.383,0.06,1
48200,28700,606,2,13.9,31,3,9270,medical,other,some_college,0.595,0.323,1
79100,50800,816,5,21.7,45,4,3460,debt_consolidation,mortgage,some_college,0.642,0.068,1
60300,129400,709,18,49.9,43,6,460,debt_consolidation,own,bachelors,2.146,0.004,0
51700,41600,635,2,26.3,37,2,7980,major_purchase,own,some_college,0.805,0.192,1
100100,32600,674,19,9.4,42,3,145490,major_purchase,rent,some_college,0.326,4.463,1
48700,66800,777,9,28.5,37,3,22140,other,mortgage,high_school,1.372,0.331,1
24300,84900,764,8,65.0,45,3,12720,medical,mortgage,some_college,3.494,0.15,1
37700,189100,560,8,65.0,62,7,3740,home_improvement,own,some_college,5.016,0.02,0
69400,76700,823,4,28.0,23,3,2470,home_improvement,own,bachelors,1.105,0.032,1
64700,94000,767,3,32.7,33,4,2240,major_purchase,mortgage,bachelors,1.453,0.024,1
26800,99100,672,6,65.0,32,6,6880,debt_consolidation,mortgage,some_college,3.698,0.069,0
39100,26700,583,8,10.1,33,7,1000,debt_consolidation,rent,some_college,0.683,0.037,1
41700,30500,774,9,23.8,27,4,6690,debt_consolidation,own,graduate,0.731,0.219,1
46000,28000,725,9,24.8,47,5,1940,debt_consolidation,mortgage,some_college,0.609,0.069,1
29200,23600,561,11,20.3,22,6,450,education,other,bachelors,0.808,0.019,0
40800,104500,665,24,54.9,42,7,1900,home_improvement,rent,high_school,2.561,0.018,0
39000,73400,686,7,48.6,45,2,28330,education,other,some_college,1.882,0.386,0
76700,63300,621,15,23.0,41,4,5970,education,own,high_school,0.825,0.094,0
78000,9800,599,9,11.5,43,3,1910,medical,mortgage,high_school,0.126,0.195,1
50700,252400,835,26,65.0,48,2,17410,medical,mortgage,high_school,4.978,0.069,0
45400,32000,757,7,28.8,38,6,3240,debt_consolidation,rent,some_college,0.705,0.101,1
57700,251800,804,6,65.0,34,6,10230,debt_consolidation,rent,some_college,4.364,0.041,0
37500,21700,706,14,16.8,43,5,2830,major_purchase,mortgage,bachelors,0.579,0.13,1
32300,33900,791,14,30.5,44,6,6360,debt_consolidation,mortgage,some_college,1.05,0.188,0
35500,12800,612,5,16.5,47,2,5160,debt_consolidation,mortgage,high_school,0.361,0.403,1
40700,77100,698,9,44.9,19,4,1990,other,rent,some_college,1.894,0.026,1
32100,27700,709,11,13.0,35,5,10940,major_purchase,mortgage,high_school,0.863,0.395,1
58300,28300,802,10,8.9,26,9,41950,debt_consolidation,rent,high_school,0.485,1.482,1
75200,22900,712,8,20.6,44,4,8420,major_purchase,rent,high_school,0.305,0.368,1
26500,103200,631,1,65.0,45,3,5680,medical,own,bachelors,3.894,0.055,0
54800,98500,690,10,41.8,34,11,1510,other,rent,some_college,1.797,0.015,1
49100,212900,542,11,65.0,29,3,18280,major_purchase,mortgage,high_school,4.336,0.086,0
63200,37000,487,9,16.9,44,6,2400,debt_consolidation,rent,some_college,0.585,0.065,0
53900,69800,755,4,33.6,36,3,10770,medical,mortgage,high_school,1.295,0.154,1
28200,24300,653,17,18.0,53,6,14280,major_purchase,mortgage,bachelors,0.862,0.588,1
30700,47400,662,2,33.0,57,2,19580,home_improvement,mortgage,graduate,1.544,0.413,1
54900,41600,755,14,23.1,49,5,20100,medical,own,high_school,0.758,0.483,1
86100,82900,803,2,27.7,40,6,19110,home_improvement,rent,high_school,0.963,0.231,1
20000,122000,730,13,65.0,58,3,850,other,rent,bachelors,6.1,0.007,0
63300,119800,848,3,46.0,40,4,1480,other,rent,bachelors,1.893,0.012,1
92500,33200,727,12,18.3,32,7,720,debt_consolidation,mortgage,bachelors,0.359,0.022,1
50600,120400,710,20,43.7,30,1,650,home_improvement,mortgage,bachelors,2.379,0.005,1
69400,58100,705,20,29.6,30,3,41580,debt_consolidation,own,high_school,0.837,0.716,1
39500,47700,575,17,34.4,37,4,1240,debt_consolidation,mortgage,bachelors,1.208,0.026,1
51300,36500,766,6,21.6,43,6,1020,debt_consolidation,mortgage,high_school,0.712,0.028,1
26100,40500,477,4,35.4,22,7,4550,home_improvement,mortgage,high_school,1.552,0.112,0
18900,202700,635,6,65.0,33,6,1730,debt_consolidation,mortgage,graduate,10.725,0.009,0
82800,74200,686,13,26.3,40,3,116620,medical,other,bachelors,0.896,1.572,0
34800,67700,617,10,41.9,45,5,3350,debt_consolidation,own,some_college,1.945,0.049,0
44100,49800,646,27,34.8,37,8,9170,debt_consolidation,rent,high_school,1.129,0.184,1
29000,331800,841,4,65.0,40,5,1650,debt_consolidation,mortgage,high_school,11.441,0.005,0
28700,149300,778,21,65.0,24,2,480,debt_consolidation,mortgage,some_college,5.202,0.003,0
50100,36100,626,6,22.8,27,2,1770,debt_consolidation,rent,bachelors,0.721,0.049,1
39000,49400,645,2,30.6,37,3,1800,education,rent,bachelors,1.267,0.036,0
64200,51500,576,8,25.2,43,2,1780,home_improvement,rent,bachelors,0.802,0.035,0
66400,66300,744,10,20.4,40,8,520,other,mortgage,bachelors,0.998,0.008,1
62600,36600,663,16,17.5,28,3,5950,debt_consolidation,mortgage,high_school,0.585,0.163,1
60300,81400,517,4,36.9,35,6,3070,debt_consolidation,rent,some_college,1.35,0.038,0
110200,165500,693,8,29.1,54,3,570,education,mortgage,high_school,1.502,0.003,1
33500,23900,722,7,19.9,43,2,5700,home_improvement,rent,high_school,0.713,0.238,1
52900,27200,766,5,15.1,36,4,14290,debt_consolidation,mortgage,high_school,0.514,0.525,1
90200,42700,678,19,18.0,26,6,26290,debt_consolidation,rent,graduate,0.473,0.616,1
95700,44100,653,10,17.9,30,7,170,education,mortgage,high_school,0.461,0.004,1
28600,242500,685,0,65.0,38,5,1770,debt_consolidation,mortgage,some_college,8.479,0.007,0
47100,120700,746,8,53.0,41,4,720,home_improvement,rent,bachelors,2.563,0.006,0
99800,116000,639,1,29.2,44,3,1970,education,mortgage,bachelors,1.162,0.017,0
68100,49800,743,8,20.5,42,5,34340,major_purchase,mortgage,high_school,0.731,0.69,1
59200,49000,561,1,22.8,33,6,1780,medical,mortgage,some_college,0.828,0.036,0
49100,21700,645,10,21.8,32,6,2530,home_improvement,own,bachelors,0.442,0.117,1
45600,103500,582,1,44.0,60,6,1540,major_purchase,mortgage,some_college,2.27,0.015,0
61700,84400,633,3,34.0,31,7,47870,major_purchase,rent,high_school,1.368,0.567,0
48400,147300,791,12,59.0,23,5,200,debt_consolidation,own,bachelors,3.043,0.001,1
53100,51700,632,6,33.3,19,8,2260,home_improvement,mortgage,some_college,0.974,0.044,1
56100,54200,746,2,25.7,34,3,1460,other,mortgage,some_college,0.966,0.027,1
39900,67400,813,19,33.3,48,3,440,debt_consolidation,mortgage,high_school,1.689,0.007,1
68800,111800,682,5,36.3,31,5,23000,home_improvement,mortgage,graduate,1.625,0.206,1
201100,21400,769,5,4.1,54,3,390,home_improvement,rent,graduate,0.106,0.018,1
24400,100200,730,6,65.0,37,8,2580,major_purchase,other,some_college,4.107,0.026,0
62700,59000,694,11,27.4,50,5,4400,major_purchase,mortgage,some_college,0.941,0.075,1
38500,28500,748,5,26.8,29,7,1720,home_improvement,mortgage,high_school,0.74,0.06,1
70300,13900,841,6,15.9,29,5,430,debt_consolidation,other,bachelors,0.198,0.031,1
55300,54400,630,15,25.3,39,3,3880,debt_consolidation,rent,high_school,0.984,0.071,1
76300,165000,603,14,49.2,43,3,1690,debt_consolidation,rent,bachelors,2.163,0.01,0
91900,193400,598,6,49.1,36,4,15250,medical,own,graduate,2.104,0.079,1
59100,76800,769,6,40.4,41,3,10120,debt_consolidation,rent,high_school,1.299,0.132,1
90200,236400,780,0,52.8,44,5,74760,debt_consolidation,rent,high_school,2.621,0.316,0
18900,58100,639,8,65.0,22,5,5730,home_improvement,mortgage,high_school,3.074,0.099,0
110800,116700,503,12,22.6,34,2,11210,home_improvement,rent,some_college,1.053,0.096,0
64100,43700,627,5,25.0,32,3,2970,major_purchase,own,graduate,0.682,0.068,1
88000,41800,731,17,14.1,32,4,53980,major_purchase,mortgage,high_school,0.475,1.291,1
31300,37300,679,1,26.7,42,7,4990,medical,rent,bachelors,1.192,0.134,1
37300,14200,700,3,13.7,32,4,4260,debt_consolidation,own,some_college,0.381,0.3,0
57900,147400,640,16,50.7,35,5,10480,medical,other,some_college,2.546,0.071,0
53800,38200,771,12,22.5,26,2,1990,debt_consolidation,rent,high_school,0.71,0.052,1
61500,34200,714,1,22.9,43,7,2440,debt_consolidation,rent,bachelors,0.556,0.071,1
88300,26200,734,1,4.9,46,4,10470,major_purchase,own,bachelors,0.297,0.4,1
24500,51900,698,10,45.4,29,5,13700,debt_consolidation,rent,high_school,2.118,0.264,0
84000,205800,729,9,47.8,41,3,11340,debt_consolidation,rent,some_college,2.45,0.055,0
54400,259300,723,5,65.0,22,3,4390,debt_consolidation,own,some_college,4.767,0.017,0
49400,18700,606,16,20.5,46,9,7180,major_purchase,rent,high_school,0.379,0.384,1
27900,46700,716,4,37.4,49,6,18860,debt_consolidation,mortgage,some_college,1.674,0.404,1
67900,29000,752,0,12.9,36,5,1060,medical,rent,high_school,0.427,0.037,1
18300,119600,783,11,65.0,29,3,4920,debt_consolidation,rent,bachelors,6.536,0.041,0
72500,73200,720,13,34.0,46,3,80,debt_consolidation,rent,some_college,1.01,0.001,1
27700,38300,602,4,38.2,60,6,13850,home_improvement,mortgage,bachelors,1.383,0.362,0
55500,63000,616,2,20.5,57,8,1640,medical,rent,graduate,1.135,0.026,0
51300,42900,648,0,25.7,35,7,1710,major_purchase,mortgage,some_college,0.836,0.04,0
91700,185300,701,6,39.9,25,6,4140,debt_consolidation,rent,some_college,2.021,0.022,1
50000,87800,674,8,37.6,47,4,11690,medical,rent,graduate,1.756,0.133,0
39600,95700,589,13,46.5,36,3,139880,home_improvement,rent,high_school,2.417,1.462,1
43100,9300,588,9,3.9,43,2,560,other,rent,high_school,0.216,0.06,1
96100,57100,506,4,18.5,41,5,1500,home_improvement,rent,some_college,0.594,0.026,1
69000,257400,419,8,65.0,39,4,6770,debt_consolidation,mortgage,some_college,3.73,0.026,0
45500,151500,673,14,64.2,49,5,1780,medical,rent,graduate,3.33,0.012,0
48700,16400,837,8,17.6,49,3,15840,debt_consolidation,mortgage,some_college,0.337,0.966,1
26800,48100,601,12,44.5,32,4,3890,major_purchase,rent,some_college,1.795,0.081,0
64500,25800,697,2,18.1,27,11,16970,home_improvement,rent,some_college,0.4,0.658,1
24500,198300,560,10,65.0,34,5,3470,debt_consolidation,rent,some_college,8.094,0.017,0
76000,71000,573,9,28.6,25,2,10540,debt_consolidation,mortgage,graduate,0.934,0.148,1
57400,35000,583,5,26.2,42,2,1290,debt_consolidation,mortgage,bachelors,0.61,0.037,0
158600,61300,665,14,10.4,34,0,74040,debt_consolidation,own,bachelors,0.387,1.208,1
33000,9700,669,24,16.3,35,3,460,home_improvement,rent,high_school,0.294,0.047,1
51700,28000,706,1,23.8,46,5,1820,major_purchase,mortgage,bachelors,0.542,0.065,1
121700,61400,741,5,14.0,42,4,670,debt_consolidation,mortgage,graduate,0.505,0.011,1
92600,108200,656,6,15.1,36,3,15070,debt_consolidation,mortgage,graduate,1.168,0.139,1
39600,15400,688,6,9.9,56,3,10460,education,rent,graduate,0.389,0.679,1
59900,45900,592,4,18.9,46,3,890,debt_consolidation,mortgage,bachelors,0.766,0.019,1
54200,121400,570,1,50.6,33,4,19850,education,mortgage,bachelors,2.24,0.164,0
61500,21700,557,5,12.1,33,3,1850,debt_consolidation,rent,high_school,0.353,0.085,1
39600,70300,740,6,40.0,46,2,8450,education,rent,some_college,1.775,0.12,0
52000,62700,656,5,27.3,40,5,11740,medical,own,bachelors,1.206,0.187,1
26400,198800,525,6,65.0,25,5,3490,debt_consolidation,rent,some_college,7.53,0.018,0
57600,51000,679,8,23.7,47,1,17570,debt_consolidation,mortgage,bachelors,0.885,0.345,1
66300,53100,578,5,19.9,51,4,4020,debt_consolidation,mortgage,bachelors,0.801,0.076,0
48900,108900,826,4,51.4,50,3,7900,debt_consolidation,mortgage,bachelors,2.227,0.073,0
26200,23700,635,6,29.8,54,2,3350,debt_consolidation,rent,some_college,0.905,0.141,1
84500,51300,742,8,14.3,60,3,360,major_purchase,rent,graduate,0.607,0.007,1
63800,43500,777,7,21.1,57,6,4130,medical,rent,high_school,0.682,0.095,1
39100,54300,603,25,27.3,41,5,1450,debt_consolidation,rent,bachelors,1.389,0.027,0
47700,108400,691,9,41.9,35,6,34520,major_purchase,mortgage,high_school,2.273,0.318,1
27600,88200,732,6,65.0,38,5,730,debt_consolidation,mortgage,bachelors,3.196,0.008,0
34200,35500,694,3,34.7,43,4,27310,debt_consolidation,rent,bachelors,1.038,0.769,1
42500,65900,715,3,34.6,38,8,3830,debt_consolidation,mortgage,graduate,1.551,0.058,1
94200,170000,571,5,47.8,34,2,8680,debt_consolidation,rent,high_school,1.805,0.051,1
40600,33500,732,5,20.3,45,6,710,debt_consolidation,rent,bachelors,0.825,0.021,0
72300,66300,643,5,23.6,26,2,3190,debt_consolidation,own,some_college,0.917,0.048,1
42500,52300,714,9,36.8,39,5,1940,debt_consolidation,mortgage,high_school,1.231,0.037,0
60600,57300,763,14,21.4,42,5,93390,other,mortgage,high_school,0.946,1.63,0
50800,19100,741,11,18.4,50,7,1870,major_purchase,own,bachelors,0.376,0.098,1
80200,160700,714,10,42.7,56,6,24700,other,mortgage,graduate,2.004,0.154,1
42600,34800,739,3,19.8,33,5,25190,debt_consolidation,mortgage,bachelors,0.817,0.724,1
26700,122800,743,15,65.0,40,5,24220,education,own,high_school,4.599,0.197,0
29100,38800,812,3,23.3,40,6,2140,debt_consolidation,mortgage,some_college,1.333,0.055,1
42600,38600,682,8,29.4,45,3,61500,debt_consolidation,rent,high_school,0.906,1.593,1
30900,140000,698,9,65.0,43,2,82210,debt_consolidation,rent,high_school,4.531,0.587,0
65200,120100,764,15,40.6,53,3,8220,home_improvement,mortgage,bachelors,1.842,0.068,1
43900,69300,643,22,33.6,42,6,2560,debt_consolidation,rent,high_school,1.579,0.037,1
157700,102000,571,5,20.9,43,5,1470,medical,rent,bachelors,0.647,0.014,1
24800,48900,726,7,47.0,35,2,9510,medical,rent,some_college,1.972,0.194,1
59400,59500,667,14,24.9,37,5,5380,debt_consolidation,other,high_school,1.002,0.09,1
32600,37700,582,23,32.7,30,2,6350,medical,rent,some_college,1.156,0.168,0
43400,112700,727,5,55.8,56,3,740,debt_consolidation,mortgage,high_school,2.597,0.007,0
57700,36800,806,3,19.1,42,2,5150,debt_consolidation,rent,bachelors,0.638,0.14,1
19000,169300,546,2,65.0,29,4,24380,debt_consolidation,rent,bachelors,8.911,0.144,0
60300,48000,771,1,20.3,44,5,15390,debt_consolidation,mortgage,graduate,0.796,0.321,1
127600,60700,469,3,11.6,45,3,2750,debt_consolidation,rent,some_college,0.476,0.045,0
44200,101800,650,12,49.2,35,3,4220,debt_consolidation,mortgage,high_school,2.303,0.041,0
60900,60900,841,13,26.1,44,7,630,debt_consolidation,rent,some_college,1.0,0.01,1
85900,48600,657,9,17.3,34,3,1940,education,rent,bachelors,0.566,0.04,1
50300,58600,692,5,33.7,49,3,3050,education,rent,some_college,1.165,0.052,1
41700,111900,749,9,58.3,48,7,11930,other,mortgage,graduate,2.683,0.107,1
19500,37600,539,7,42.2,19,3,1830,debt_consolidation,mortgage,high_school,1.928,0.049,0
72300,54800,691,5,21.6,22,3,1150,debt_consolidation,rent,bachelors,0.758,0.021,1
51500,60300,690,8,29.4,60,3,14200,home_improvement,mortgage,bachelors,1.171,0.235,1
34300,109700,843,5,65.0,48,1,2720,major_purchase,rent,high_school,3.198,0.025,0
57400,55800,579,8,25.7,24,2,1520,debt_consolidation,own,high_school,0.972,0.027,1
41700,212300,652,9,65.0,20,4,15330,medical,rent,some_college,5.091,0.072,0
42700,53700,606,11,25.3,40,2,9340,other,mortgage,some_college,1.258,0.174,1
71200,50700,597,1,18.0,25,1,3680,debt_consolidation,rent,some_college,0.712,0.073,1
29700,53100,780,15,41.3,34,3,3010,other,rent,bachelors,1.788,0.057,1
86800,23800,687,6,13.7,37,6,8360,debt_consolidation,mortgage,high_school,0.274,0.351,1
28900,29000,637,22,20.1,37,6,10450,home_improvement,mortgage,bachelors,1.003,0.36,1
40200,41300,640,12,24.2,50,2,6580,debt_consolidation,rent,some_college,1.027,0.159,1
128700,132600,637,3,22.8,58,7,5820,major_purchase,mortgage,high_school,1.03,0.044,1
90000,58500,644,10,25.2,32,6,2100,debt_consolidation,mortgage,bachelors,0.65,0.036,0
56600,42600,577,14,22.6,25,7,2290,home_improvement,mortgage,some_college,0.753,0.054,0
35500,141300,663,5,65.0,42,4,3860,debt_consolidation,mortgage,high_school,3.98,0.027,0
42700,177300,654,3,65.0,55,3,1280,home_improvement,rent,bachelors,4.152,0.007,0
56000,144200,620,2,51.8,33,4,1090,major_purchase,mortgage,some_college,2.575,0.008,0
55100,33000,698,1,17.0,47,9,4330,debt_consolidation,mortgage,some_college,0.599,0.131,0
52000,42300,705,0,24.6,28,8,19640,home_improvement,own,some_college,0.813,0.464,1
53400,213100,637,6,65.0,38,2,270,other,mortgage,some_college,3.991,0.001,0
49200,70900,672,2,36.0,25,4,2840,education,rent,bachelors,1.441,0.04,0
28300,49600,595,4,40.1,38,5,7200,other,rent,some_college,1.753,0.145,0
42900,99000,607,22,50.7,36,1,22050,debt_consolidation,mortgage,some_college,2.308,0.223,1
81800,121200,594,9,36.1,44,4,61070,home_improvement,rent,some_college,1.482,0.504,1
29300,40100,774,3,30.5,57,7,3430,medical,own,graduate,1.369,0.086,1
49700,69800,651,29,32.0,33,2,77770,other,rent,high_school,1.404,1.114,1
37500,114500,705,8,65.0,35,6,9300,debt_consolidation,mortgage,bachelors,3.053,0.081,0
57000,26600,684,28,23.7,41,5,15370,other,own,high_school,0.467,0.578,0
45500,60400,745,19,35.6,40,4,1110,home_improvement,mortgage,high_school,1.327,0.018,1
105300,27400,729,8,1.5,36,4,9270,medical,mortgage,bachelors,0.26,0.338,1
68000,30100,635,6,12.9,54,2,17340,home_improvement,mortgage,some_college,0.443,0.576,1
30000,40400,775,12,32.7,39,2,1870,debt_consolidation,own,high_school,1.347,0.046,0
73300,83600,612,8,24.1,36,9,130,debt_consolidation,mortgage,some_college,1.141,0.002,0
38200,47800,798,4,25.9,29,6,6050,debt_consolidation,rent,some_college,1.251,0.127,1
41800,38000,635,4,22.7,18,6,3640,major_purchase,rent,graduate,0.909,0.096,0
62400,62100,644,14,27.3,41,6,32270,home_improvement,mortgage,graduate,0.995,0.52,0
43400,26800,592,3,21.6,40,2,2310,home_improvement,mortgage,high_school,0.618,0.086,1
81000,80800,606,14,24.5,26,3,1830,major_purchase,rent,bachelors,0.998,0.023,1
38200,132200,648,7,65.0,37,3,950,home_improvement,rent,some_college,3.461,0.007,0
41000,56600,478,1,29.5,36,6,2030,debt_consolidation,mortgage,some_college,1.38,0.036,0
40300,52000,665,14,33.3,31,4,205610,debt_consolidation,mortgage,high_school,1.29,3.954,1
42000,77800,641,3,43.1,29,3,530,home_improvement,mortgage,bachelors,1.852,0.007,0
88800,14500,752,3,14.6,42,4,760,debt_consolidation,mortgage,bachelors,0.163,0.052,1
71900,87200,720,6,30.3,35,7,4550,other,rent,graduate,1.213,0.052,1
116900,525100,624,6,65.0,31,8,77990,other,rent,bachelors,4.492,0.149,0
150300,54900,646,8,13.2,28,3,13880,home_improvement,rent,some_college,0.365,0.253,1
34100,55100,665,14,40.5,36,3,43190,debt_consolidation,mortgage,bachelors,1.616,0.784,0
55900,100800,811,14,33.5,48,4,2870,medical,other,some_college,1.803,0.028,1
31900,189400,615,4,65.0,40,5,700,debt_consolidation,own,bachelors,5.937,0.004,0
38200,118500,623,4,65.0,35,7,2620,home_improvement,rent,high_school,3.102,0.022,0
40800,13200,589,13,21.8,41,6,4130,other,mortgage,some_college,0.324,0.313,1
33700,88800,559,2,53.0,53,5,4990,education,rent,bachelors,2.635,0.056,0
33700,362300,711,7,65.0,43,2,3640,other,mortgage,high_school,10.751,0.01,0
50800,92600,702,18,47.6,40,5,11240,debt_consolidation,mortgage,bachelors,1.823,0.121,1
31300,26700,794,5,21.0,45,4,1810,home_improvement,mortgage,high_school,0.853,0.068,1
79100,72900,773,1,28.9,36,5,1340,medical,own,bachelors,0.922,0.018,0
35800,24400,678,3,21.8,40,4,910,debt_consolidation,mortgage,bachelors,0.682,0.037,1
191800,141900,662,3,20.4,32,8,6550,medical,mortgage,high_school,0.74,0.046,1
44200,30700,574,3,22.3,20,7,5700,debt_consolidation,mortgage,bachelors,0.695,0.186,1
56000,63100,744,5,27.7,41,4,22650,education,rent,high_school,1.127,0.359,1
30200,32800,695,27,36.6,41,5,42860,home_improvement,own,bachelors,1.086,1.307,1
116700,40800,740,10,6.0,34,5,910,debt_consolidation,rent,graduate,0.35,0.022,1
89700,169400,588,6,40.9,49,5,5080,other,mortgage,bachelors,1.889,0.03,1
61900,64400,714,6,25.7,30,7,3690,major_purchase,rent,graduate,1.04,0.057,1
29600,40500,702,4,32.1,18,1,570,home_improvement,rent,bachelors,1.368,0.014,0
59600,26900,696,6,20.4,30,2,2350,other,rent,graduate,0.451,0.087,1
32700,16200,626,17,15.1,21,2,44060,major_purchase,own,bachelors,0.495,2.72,1
104600,24900,786,7,14.3,41,7,2030,major_purchase,own,bachelors,0.238,0.082,1
78000,64800,590,13,23.9,29,4,1610,debt_consolidation,own,graduate,0.831,0.025,1
56600,118900,746,12,49.2,48,3,4570,education,other,some_college,2.101,0.038,0
18100,40400,440,26,47.6,48,8,17610,major_purchase,mortgage,some_college,2.232,0.436,0
34800,179800,741,12,65.0,27,3,3210,major_purchase,rent,bachelors,5.167,0.018,0
73800,36200,526,25,16.3,29,4,5880,other,mortgage,bachelors,0.491,0.162,1
93500,50700,640,14,13.8,43,3,200,debt_consolidation,mortgage,high_school,0.542,0.004,1
89200,28100,573,8,20.1,48,1,10950,medical,mortgage,some_college,0.315,0.39,0
26500,119800,666,3,65.0,41,5,6700,education,mortgage,bachelors,4.521,0.056,0
62100,260000,756,13,65.0,31,3,16960,debt_consolidation,mortgage,high_school,4.187,0.065,0
85600,17400,527,14,8.2,50,5,360,major_purchase,mortgage,some_college,0.203,0.021,1
25700,47000,654,14,42.5,71,3,3220,education,mortgage,high_school,1.829,0.069,0
54000,145100,641,0,54.5,35,5,18960,home_improvement,mortgage,high_school,2.687,0.131,1
61300,21700,819,5,20.4,24,6,2250,debt_consolidation,rent,graduate,0.354,0.104,1
47300,89000,721,10,44.0,32,6,5280,debt_consolidation,mortgage,some_college,1.882,0.059,0
23500,140800,584,5,65.0,38,1,2770,debt_consolidation,mortgage,graduate,5.991,0.02,0
46800,63200,644,4,28.7,30,10,2870,debt_consolidation,mortgage,some_college,1.35,0.045,1
46800,88000,817,4,41.4,27,1,25180,major_purchase,rent,graduate,1.88,0.286,1
50700,205400,745,1,65.0,33,2,670,home_improvement,mortgage,bachelors,4.051,0.003,0
42000,234200,606,9,65.0,42,5,4580,home_improvement,rent,some_college,5.576,0.02,0
44400,57300,662,4,30.7,36,5,6990,home_improvement,mortgage,high_school,1.291,0.122,0
53200,41200,665,5,17.9,28,2,18280,major_purchase,mortgage,graduate,0.774,0.444,1
66100,31400,639,6,25.5,30,5,4140,education,mortgage,bachelors,0.475,0.132,1
47200,118600,539,10,52.4,33,6,19080,education,mortgage,high_school,2.513,0.161,0
45100,22900,627,8,11.6,27,3,4550,major_purchase,mortgage,graduate,0.508,0.199,0
56500,50200,803,8,19.7,30,7,5810,debt_consolidation,mortgage,some_college,0.888,0.116,1
22800,64300,652,0,57.4,45,2,5510,other,other,high_school,2.82,0.086,0
67100,42100,676,14,27.1,35,3,12300,education,rent,some_college,0.627,0.292,1
54200,72800,696,21,31.5,18,3,10490,other,rent,bachelors,1.343,0.144,1
55200,360500,685,8,65.0,49,4,1030,major_purchase,rent,some_college,6.531,0.003,0
83500,55000,777,2,23.2,42,4,6660,debt_consolidation,mortgage,bachelors,0.659,0.121,1
22500,44100,634,4,47.0,22,0,10480,home_improvement,rent,some_college,1.96,0.238,0
22300,121900,662,2,65.0,33,5,38040,debt_consolidation,mortgage,high_school,5.466,0.312,0
61300,70800,686,19,29.6,29,5,1200,debt_consolidation,mortgage,high_school,1.155,0.017,1
54000,164000,619,5,58.2,45,5,10440,home_improvement,rent,graduate,3.037,0.064,0
58500,67200,667,8,25.7,33,8,3020,other,mortgage,high_school,1.149,0.045,1
44000,50300,760,6,22.2,37,5,6430,home_improvement,mortgage,graduate,1.143,0.128,1
73100,17200,616,10,11.3,35,3,1090,home_improvement,own,some_college,0.235,0.063,1
82400,19300,685,3,10.5,21,5,4820,major_purchase,other,graduate,0.234,0.25,1
67400,16600,745,8,10.3,53,5,7680,debt_consolidation,own,high_school,0.246,0.463,1
48200,78100,614,5,38.3,45,5,1260,debt_consolidation,own,some_college,1.62,0.016,0
21000,23100,778,15,25.2,29,3,37360,major_purchase,own,high_school,1.1,1.617,1
76600,144200,691,0,40.5,40,3,570,debt_consolidation,rent,high_school,1.883,0.004,1
93900,61200,670,5,17.8,48,4,10430,debt_consolidation,mortgage,bachelors,0.652,0.17,0
72400,50500,514,14,20.4,38,5,160,home_improvement,rent,high_school,0.698,0.003,0
36500,33200,653,13,25.8,55,5,3440,debt_consolidation,mortgage,graduate,0.91,0.104,1
73400,92600,716,1,25.3,70,3,9620,debt_consolidation,rent,bachelors,1.262,0.104,0
79800,34100,833,12,17.5,36,2,13330,home_improvement,own,bachelors,0.427,0.391,1
109300,30000,733,3,14.0,31,7,4240,other,mortgage,some_college,0.274,0.141,1
36500,137600,780,4,65.0,27,5,3500,debt_consolidation,rent,graduate,3.77,0.025,0
48900,76700,582,13,36.8,51,4,10880,home_improvement,mortgage,bachelors,1.569,0.142,0
75800,50800,674,5,21.5,34,2,18600,home_improvement,mortgage,graduate,0.67,0.366,1
55600,93800,788,1,36.7,47,3,33910,major_purchase,rent,high_school,1.687,0.362,0
32800,60200,609,2,42.8,49,8,810,home_improvement,rent,high_school,1.835,0.013,0
65300,78300,767,7,34.2,26,7,3710,medical,rent,bachelors,1.199,0.047,1
70300,33800,747,5,14.7,27,5,230,education,mortgage,bachelors,0.481,0.007,1
56400,255100,708,5,65.0,57,2,720,debt_consolidation,mortgage,some_college,4.523,0.003,0
59800,39900,657,10,22.5,37,3,1830,education,rent,some_college,0.667,0.046,1
48200,177900,601,9,65.0,30,8,16500,debt_consolidation,other,some_college,3.691,0.093,0
105400,52500,835,5,14.1,26,7,2510,medical,mortgage,some_college,0.498,0.048,1
36100,105300,738,13,62.2,36,8,3280,major_purchase,own,some_college,2.917,0.031,0
41600,100100,713,10,49.6,54,6,7480,home_improvement,mortgage,some_college,2.406,0.075,0
54400,133600,649,8,57.1,45,5,1920,home_improvement,rent,some_college,2.456,0.014,0
80500,33200,688,4,13.6,39,7,300,home_improvement,own,some_college,0.412,0.009,1
27600,127100,699,14,65.0,55,2,1730,debt_consolidation,mortgage,high_school,4.605,0.014,0
30000,218100,718,5,65.0,53,3,4150,home_improvement,mortgage,high_school,7.27,0.019,0
21700,50000,747,5,51.2,41,2,9470,major_purchase,rent,bachelors,2.304,0.189,1
55000,61300,618,20,29.3,68,4,3680,debt_consolidation,mortgage,graduate,1.115,0.06,1
32800,41500,560,3,32.9,35,4,9250,debt_consolidation,mortgage,high_school,1.265,0.223,0
45600,47000,692,3,24.3,50,2,17940,debt_consolidation,rent,graduate,1.031,0.382,0
73000,198400,536,5,61.5,33,4,23590,education,rent,bachelors,2.718,0.119,0
40600,29600,657,2,14.5,47,2,6260,debt_consolidation,mortgage,graduate,0.729,0.211,1
60100,31000,641,2,14.2,35,8,1000,major_purchase,own,some_college,0.516,0.032,1
47300,184900,726,19,65.0,43,3,860,other,mortgage,bachelors,3.909,0.005,1
73300,92700,519,5,28.0,64,4,980,debt_consolidation,own,some_college,1.265,0.011,0
67100,264100,665,8,65.0,48,1,1090,debt_consolidation,own,graduate,3.936,0.004,1
39700,43700,714,1,23.9,43,2,5650,other,mortgage,high_school,1.101,0.129,1
50200,65400,564,3,30.6,29,1,69040,major_purchase,mortgage,high_school,1.303,1.056,0
86700,37700,769,21,17.7,40,7,6610,debt_consolidation,rent,bachelors,0.435,0.175,1
64700,66200,688,2,24.3,26,6,4370,debt_consolidation,own,high_school,1.023,0.066,1
28900,17300,679,9,15.3,47,5,18890,home_improvement,rent,graduate,0.599,1.092,0
72800,96700,520,0,30.1,47,6,1540,medical,own,high_school,1.328,0.016,1
33300,75100,691,1,53.0,36,3,21140,home_improvement,mortgage,high_school,2.255,0.281,0
102300,57500,756,5,22.5,56,4,19050,education,rent,some_college,0.562,0.331,0
85900,45600,664,13,15.6,54,3,5340,debt_consolidation,rent,bachelors,0.531,0.117,1
61700,32000,784,7,19.4,39,4,92160,home_improvement,own,some_college,0.519,2.88,1
58100,99600,781,6,38.8,44,4,23420,debt_consolidation,rent,graduate,1.714,0.235,1
49300,26400,630,11,22.8,31,3,5240,home_improvement,rent,bachelors,0.535,0.198,0
73500,85700,820,8,29.8,35,4,4020,education,mortgage,bachelors,1.166,0.047,1
45900,255800,688,1,65.0,26,6,2680,debt_consolidation,rent,some_college,5.573,0.01,0
60200,169400,689,6,65.0,32,6,4090,major_purchase,mortgage,some_college,2.814,0.024,0
80200,20900,693,4,9.0,36,7,4260,debt_consolidation,mortgage,bachelors,0.261,0.204,1
42100,41100,690,5,26.8,19,5,3140,debt_consolidation,own,graduate,0.976,0.076,1
41100,80400,461,4,48.7,44,3,3640,debt_consolidation,own,graduate,1.956,0.045,0
31700,57000,669,6,43.0,49,5,930,home_improvement,mortgage,high_school,1.798,0.016,1
33600,22500,569,9,17.0,37,5,2220,other,own,some_college,0.67,0.099,1
23800,78400,823,2,64.0,35,7,530,debt_consolidation,own,bachelors,3.294,0.007,0
75200,59500,819,3,16.6,22,6,8780,debt_consolidation,own,bachelors,0.791,0.148,1
122300,228700,757,10,47.6,31,6,5500,debt_consolidation,rent,some_college,1.87,0.024,0
102900,50100,664,11,12.2,53,2,4140,home_improvement,rent,graduate,0.487,0.083,1
26100,135600,599,17,65.0,29,5,17000,debt_consolidation,rent,some_college,5.195,0.125,0
75100,24700,629,7,8.2,47,6,1470,other,other,some_college,0.329,0.06,0
102700,29200,626,3,23.3,30,2,1820,major_purchase,other,bachelors,0.284,0.062,1
44100,99200,484,3,43.1,29,4,620,major_purchase,mortgage,bachelors,2.249,0.006,0
56700,127800,772,7,48.7,60,8,20580,debt_consolidation,mortgage,graduate,2.254,0.161,0
21900,30600,812,3,38.0,42,5,11470,home_improvement,mortgage,high_school,1.397,0.375,0
61100,60900,826,17,23.1,48,7,31620,medical,own,high_school,0.997,0.519,1
33600,22800,773,4,22.5,43,5,45050,home_improvement,mortgage,graduate,0.679,1.976,0
59300,52700,787,15,22.9,39,5,2710,medical,rent,some_college,0.889,0.051,1
26800,107600,689,2,65.0,51,1,1820,major_purchase,mortgage,high_school,4.015,0.017,0
69200,44200,508,5,23.8,58,4,400,other,mortgage,bachelors,0.639,0.009,0
85900,50300,687,5,16.8,19,4,1060,debt_consolidation,rent,graduate,0.586,0.021,1
38100,27200,737,1,26.8,37,9,3120,education,rent,graduate,0.714,0.115,0
32500,38000,673,5,30.5,37,5,270,debt_consolidation,rent,graduate,1.169,0.007,0
20500,205000,669,8,65.0,33,5,1090,home_improvement,rent,high_school,10.0,0.005,0
48100,63000,603,0,28.2,48,7,4380,major_purchase,mortgage,bachelors,1.31,0.07,0
41700,29700,599,10,18.3,40,4,17170,home_improvement,rent,high_school,0.712,0.578,0
27000,48000,841,8,39.1,59,3,1800,debt_consolidation,own,some_college,1.778,0.038,1
66400,19600,844,6,8.5,50,4,5880,home_improvement,other,high_school,0.295,0.3,1
44200,29400,684,11,23.7,53,5,66790,debt_consolidation,mortgage,some_college,0.665,2.272,0
33400,155200,708,12,65.0,24,3,390,home_improvement,mortgage,high_school,4.647,0.003,0
42200,54200,601,34,26.5,29,2,22480,debt_consolidation,rent,graduate,1.284,0.415,1
87700,224900,739,1,50.9,30,5,8380,home_improvement,rent,graduate,2.564,0.037,1
71100,56000,834,18,18.7,52,2,28940,debt_consolidation,mortgage,high_school,0.788,0.517,1
51100,58400,555,13,32.3,27,6,19030,debt_consolidation,own,high_school,1.143,0.326,0
71600,93800,724,8,33.4,27,5,1940,major_purchase,mortgage,high_school,1.31,0.021,1
32100,9200,730,2,12.6,25,4,4930,debt_consolidation,mortgage,some_college,0.287,0.536,0
55000,69100,729,4,29.2,68,4,640,major_purchase,rent,graduate,1.256,0.009,1
57900,57900,824,4,25.0,36,5,2360,education,own,bachelors,1.0,0.041,1
43900,169400,665,6,65.0,43,5,5120,education,rent,some_college,3.859,0.03,0
65900,117600,742,11,39.2,25,4,7520,home_improvement,mortgage,graduate,1.785,0.064,0
38100,27100,692,16,24.2,48,6,14840,home_improvement,rent,some_college,0.711,0.548,1
68100,142800,631,22,44.4,18,2,45080,home_improvement,rent,bachelors,2.097,0.316,1
69400,49800,708,4,27.6,27,4,2670,debt_consolidation,rent,some_college,0.718,0.054,1
14600,31800,742,7,42.3,29,5,24410,debt_consolidation,own,bachelors,2.178,0.768,0
92600,68700,703,3,24.6,40,6,7150,debt_consolidation,rent,some_college,0.742,0.104,1
13700,52000,610,14,65.0,29,7,790,other,rent,high_school,3.796,0.015,0
41100,175800,645,9,65.0,54,2,3980,debt_consolidation,mortgage,bachelors,4.277,0.023,0
85900,76000,646,5,26.7,43,5,5780,debt_consolidation,other,some_college,0.885,0.076,0
47000,69100,613,1,27.6,30,1,1520,debt_consolidation,rent,some_college,1.47,0.022,0
28000,112500,711,7,65.0,48,3,1150,debt_consolidation,other,bachelors,4.018,0.01,0
33100,128700,720,8,65.0,33,4,1090,debt_consolidation,rent,some_college,3.888,0.008,0
86000,103600,768,1,32.3,31,7,2300,home_improvement,rent,high_school,1.205,0.022,1
22800,161700,612,2,65.0,47,1,1460,home_improvement,mortgage,bachelors,7.092,0.009,0
90000,91700,635,7,27.0,46,4,27520,education,mortgage,high_school,1.019,0.3,1
52800,67300,817,21,29.7,30,4,160,major_purchase,mortgage,high_school,1.275,0.002,1
31700,142500,671,15,65.0,30,3,5740,medical,rent,some_college,4.495,0.04,0
41700,56200,687,5,28.8,59,4,10300,home_improvement,mortgage,high_school,1.348,0.183,0
34300,61300,670,5,40.4,32,3,1280,debt_consolidation,mortgage,some_college,1.787,0.021,1
80000,199800,781,3,50.5,48,2,3550,education,own,bachelors,2.498,0.018,1
75300,186300,784,3,49.7,41,5,3040,home_improvement,rent,bachelors,2.474,0.016,1
25000,59500,779,5,49.0,42,3,4410,medical,rent,some_college,2.38,0.074,1
45200,43600,687,25,22.4,35,4,12430,debt_consolidation,own,high_school,0.965,0.285,0
36700,166700,610,5,65.0,34,2,10970,home_improvement,own,graduate,4.542,0.066,0
97000,104900,848,6,21.6,54,5,2120,debt_consolidation,other,bachelors,1.081,0.02,1
29500,74700,757,2,55.3,48,1,600,debt_consolidation,mortgage,high_school,2.532,0.008,0
111500,47800,646,10,13.2,32,6,6190,major_purchase,rent,bachelors,0.429,0.129,1
53400,75500,806,6,33.6,26,7,1960,education,rent,graduate,1.414,0.026,1
32100,59000,639,4,40.4,31,2,2350,education,rent,graduate,1.838,0.04,1
39900,37600,804,2,23.0,48,3,6720,medical,own,some_college,0.942,0.179,1
37800,65500,810,3,44.0,50,5,2670,education,rent,bachelors,1.733,0.041,1
30500,72100,606,4,49.1,44,5,7550,education,other,bachelors,2.364,0.105,1
56500,46000,734,4,25.5,20,6,165710,major_purchase,own,bachelors,0.814,3.602,1
31200,112700,751,2,65.0,46,4,12840,medical,rent,graduate,3.612,0.114,0
20300,147600,621,6,65.0,52,6,32300,debt_consolidation,rent,some_college,7.271,0.219,0
45700,118100,806,8,49.5,39,8,10050,other,own,high_school,2.584,0.085,0
24100,49300,686,11,41.3,59,5,5480,home_improvement,mortgage,bachelors,2.046,0.111,1
38600,101600,579,20,60.5,23,3,10260,debt_consolidation,mortgage,graduate,2.632,0.101,0
36000,63200,674,1,41.6,45,4,9590,home_improvement,own,bachelors,1.756,0.152,1
36600,25200,685,8,20.9,26,4,16450,education,own,high_school,0.689,0.653,1
133300,95900,594,5,18.7,49,5,5340,major_purchase,mortgage,graduate,0.719,0.056,1
55600,66300,711,0,36.4,44,4,790,debt_consolidation,mortgage,high_school,1.192,0.012,1
60500,367900,766,4,65.0,57,6,630,home_improvement,rent,graduate,6.081,0.002,0
24400,166100,705,10,65.0,43,3,9370,medical,rent,bachelors,6.807,0.056,0
40400,98500,638,9,53.9,33,5,1020,major_purchase,rent,high_school,2.438,0.01,0
59700,71300,672,7,24.3,32,3,12850,debt_consolidation,rent,high_school,1.194,0.18,1
34200,67100,684,3,40.3,35,4,32020,medical,own,high_school,1.962,0.477,0
81500,29700,703,16,12.7,32,5,3610,major_purchase,mortgage,high_school,0.364,0.122,1
31500,17700,779,2,21.6,52,2,26790,debt_consolidation,rent,high_school,0.562,1.514,1
47600,32500,708,5,18.5,52,2,7060,debt_consolidation,other,graduate,0.683,0.217,1
41600,57900,565,5,27.3,21,5,5100,home_improvement,mortgage,high_school,1.392,0.088,0
58300,13700,637,6,6.1,38,4,5440,major_purchase,rent,graduate,0.235,0.397,1
40600,40900,699,28,23.1,38,4,1540,other,other,high_school,1.007,0.038,1
48000,50300,780,19,20.9,29,5,1280,other,rent,some_college,1.048,0.025,1
48700,51500,795,9,30.1,42,5,490,major_purchase,rent,bachelors,1.057,0.01,1
38900,37700,835,6,28.7,54,7,1760,home_improvement,other,some_college,0.969,0.047,1
67400,47100,696,6,20.6,47,4,98240,debt_consolidation,rent,some_college,0.699,2.086,0
60300,200100,749,11,65.0,52,3,610,major_purchase,own,bachelors,3.318,0.003,1
52100,95200,561,14,43.9,30,4,950,home_improvement,other,high_school,1.827,0.01,0
44600,40400,721,2,27.1,38,3,1590,major_purchase,rent,some_college,0.906,0.039,1
77500,57100,593,20,17.3,29,2,1700,other,mortgage,bachelors,0.737,0.03,1
48700,58700,679,9,26.3,40,2,7170,debt_consolidation,other,some_college,1.205,0.122,1
47200,35000,710,4,24.2,41,7,2090,debt_consolidation,own,high_school,0.742,0.06,1
56800,34900,611,6,20.1,48,5,3720,home_improvement,rent,high_school,0.614,0.107,1
116200,121500,719,9,29.3,52,3,1500,debt_consolidation,rent,bachelors,1.046,0.012,1
29600,44600,641,9,31.5,45,6,2530,debt_consolidation,mortgage,graduate,1.507,0.057,0
76600,27800,603,2,11.5,28,4,4520,major_purchase,rent,high_school,0.363,0.163,1
23100,58100,775,6,55.1,23,3,4070,debt_consolidation,own,some_college,2.515,0.07,0
59700,65000,714,7,24.9,43,4,78670,debt_consolidation,rent,high_school,1.089,1.21,1
110100,15000,651,14,4.4,54,2,4720,other,rent,graduate,0.136,0.315,1
67500,58200,658,15,20.9,37,5,3660,home_improvement,mortgage,graduate,0.862,0.063,1
58500,109900,816,2,41.0,21,7,150,debt_consolidation,other,some_college,1.879,0.001,0
42100,82100,711,7,49.9,60,4,6880,education,own,high_school,1.95,0.084,1
54900,285200,422,4,65.0,43,9,310,debt_consolidation,mortgage,bachelors,5.195,0.001,0
48400,143700,700,9,61.2,39,5,10640,debt_consolidation,rent,bachelors,2.969,0.074,0
38000,165100,714,27,65.0,25,8,6000,other,own,bachelors,4.345,0.036,0
47600,425100,777,13,65.0,38,7,15020,medical,own,some_college,8.931,0.035,0
59200,101800,724,10,41.6,45,4,2020,debt_consolidation,rent,high_school,1.72,0.02,0
38400,67100,748,12,36.6,43,3,5100,major_purchase,mortgage,high_school,1.747,0.076,1
37700,118400,648,18,65.0,30,5,12660,home_improvement,mortgage,bachelors,3.141,0.107,0
29400,40500,580,12,42.1,37,6,1340,education,rent,some_college,1.378,0.033,1
64600,64600,708,2,29.2,31,1,11550,home_improvement,mortgage,high_school,1.0,0.179,1
69200,38000,806,21,18.5,56,7,10830,major_purchase,mortgage,graduate,0.549,0.285,1
60100,79100,629,7,27.9,47,4,4070,debt_consolidation,mortgage,graduate,1.316,0.051,0
83600,37900,623,9,15.5,32,6,44800,debt_consolidation,mortgage,bachelors,0.453,1.182,1
56400,37000,788,15,17.5,25,3,10110,debt_consolidation,rent,bachelors,0.656,0.273,1
64600,80000,646,26,24.5,41,7,470,major_purchase,own,bachelors,1.238,0.006,1
62100,54400,650,5,15.3,32,8,19620,home_improvement,other,some_college,0.876,0.361,1
52000,15500,653,15,10.0,33,2,1960,debt_consolidation,own,high_school,0.298,0.126,1
42700,21600,679,4,17.0,25,9,15010,debt_consolidation,mortgage,bachelors,0.506,0.695,1
146700,26800,551,8,15.8,26,3,7430,home_improvement,rent,some_college,0.183,0.277,1
44200,32300,639,1,18.2,39,3,120,debt_consolidation,own,some_college,0.731,0.004,1
40100,80000,704,4,44.7,35,8,11460,education,mortgage,bachelors,1.995,0.143,0
65900,69800,703,8,20.3,65,2,3600,education,mortgage,some_college,1.059,0.052,1
60700,126200,783,10,42.2,44,3,2580,major_purchase,other,bachelors,2.079,0.02,1
28800,101400,841,10,61.6,25,6,2720,other,mortgage,high_school,3.521,0.027,0
89800,126800,813,14,42.4,21,2,14830,major_purchase,own,bachelors,1.412,0.117,0
51900,91700,762,5,40.6,42,4,1350,home_improvement,rent,graduate,1.767,0.015,1
32900,69300,672,6,46.6,33,7,23360,major_purchase,mortgage,bachelors,2.106,0.337,1
92500,129300,632,6,35.3,52,6,590,debt_consolidation,rent,some_college,1.398,0.005,0
71800,114000,686,5,46.7,41,3,7440,debt_consolidation,rent,some_college,1.588,0.065,0
30700,77900,734,3,51.9,26,1,14490,home_improvement,rent,graduate,2.537,0.186,1
120500,145800,754,7,25.9,30,2,14000,debt_consolidation,own,some_college,1.21,0.096,1
72900,11600,737,12,18.9,42,2,6360,medical,rent,bachelors,0.159,0.548,1
53900,48900,674,9,19.4,26,4,3680,debt_consolidation,own,some_college,0.907,0.075,1
110800,48300,751,5,21.0,39,4,2280,home_improvement,own,bachelors,0.436,0.047,1
58200,134200,792,7,49.2,23,4,890,home_improvement,mortgage,some_college,2.306,0.007,1
53500,179900,759,4,65.0,38,5,1880,debt_consolidation,mortgage,some_college,3.363,0.01,0
40200,21700,682,10,12.0,42,7,1280,debt_consolidation,mortgage,high_school,0.54,0.059,1
70400,160800,614,12,59.5,54,7,1020,home_improvement,rent,graduate,2.284,0.006,0
67100,26400,612,13,13.6,40,9,61400,debt_consolidation,mortgage,some_college,0.393,2.326,1
54500,26900,627,6,14.1,29,2,440,debt_consolidation,mortgage,bachelors,0.494,0.016,1
38000,50800,706,4,34.3,54,2,23760,debt_consolidation,own,high_school,1.337,0.468,1
57400,47900,729,14,20.4,35,5,870,home_improvement,mortgage,bachelors,0.834,0.018,1
52500,20100,564,5,16.6,46,9,1170,education,rent,some_college,0.383,0.058,0
29700,94400,642,7,60.2,31,8,1150,education,mortgage,some_college,3.178,0.012,0
27900,96300,705,9,65.0,38,5,1040,debt_consolidation,rent,some_college,3.452,0.011,0
69900,125200,608,7,37.8,29,3,17890,major_purchase,rent,some_college,1.791,0.143,0
16800,44200,721,11,52.2,41,3,11200,other,mortgage,bachelors,2.631,0.253,0
59400,58200,658,2,21.9,46,1,3550,home_improvement,rent,some_college,0.98,0.061,1
43700,58600,623,9,35.7,32,5,217580,other,rent,graduate,1.341,3.713,0
97600,195200,689,3,42.6,31,8,4800,medical,rent,high_school,2.0,0.025,1
43400,8200,718,5,10.7,41,6,5340,debt_consolidation,own,some_college,0.189,0.651,1
72900,30600,612,8,17.3,28,7,1880,home_improvement,own,bachelors,0.42,0.061,1
45300,60100,664,1,36.4,21,4,1590,other,rent,graduate,1.327,0.026,0
57000,28000,724,6,13.1,41,3,2330,debt_consolidation,mortgage,some_college,0.491,0.083,1
75500,50000,620,5,20.8,36,8,16190,debt_consolidation,own,bachelors,0.662,0.324,0
44000,54800,544,6,26.8,36,3,10930,debt_consolidation,mortgage,bachelors,1.245,0.199,1
84800,37800,554,5,15.2,43,6,29940,debt_consolidation,mortgage,bachelors,0.446,0.792,0
34600,62600,649,7,44.8,45,4,1800,debt_consolidation,own,graduate,1.809,0.029,0
61900,92900,572,4,25.6,36,2,11220,home_improvement,own,some_college,1.501,0.121,1
82100,50700,655,7,15.4,25,7,7540,medical,rent,bachelors,0.618,0.149,1
72900,43600,826,8,17.8,30,3,9030,debt_consolidation,mortgage,graduate,0.598,0.207,1
128300,53300,567,14,17.0,44,6,1470,education,mortgage,some_college,0.415,0.028,1
38400,59600,660,16,40.8,39,4,1150,other,rent,bachelors,1.552,0.019,1
29100,17700,719,2,12.2,31,6,10450,home_improvement,rent,some_college,0.608,0.59,1
34600,82700,653,15,56.7,29,6,16680,other,mortgage,high_school,2.39,0.202,0
72900,43700,671,3,20.9,44,3,2070,home_improvement,mortgage,high_school,0.599,0.047,1
67800,144800,721,7,45.5,35,5,11530,debt_consolidation,rent,high_school,2.136,0.08,0
56700,90600,829,1,30.9,46,2,26350,debt_consolidation,rent,some_college,1.598,0.291,0
32700,135800,639,1,65.0,47,7,2960,home_improvement,rent,bachelors,4.153,0.022,0
76500,29500,620,26,19.0,34,7,660,other,own,some_college,0.386,0.022,1
31200,46200,567,7,34.8,48,2,780,debt_consolidation,rent,high_school,1.481,0.017,1
91300,25100,693,6,12.2,39,3,1910,home_improvement,mortgage,some_college,0.275,0.076,1
196000,36500,565,8,7.5,40,9,2630,education,other,bachelors,0.186,0.072,1
63900,143800,645,6,51.4,27,1,4670,other,own,some_college,2.25,0.032,1
70400,169600,607,12,50.8,27,2,4810,other,mortgage,bachelors,2.409,0.028,0
43400,26800,776,8,18.2,34,7,3360,debt_consolidation,rent,high_school,0.618,0.125,1
24000,43400,641,11,40.2,39,3,12720,debt_consolidation,rent,bachelors,1.808,0.293,0
41300,56800,718,3,30.2,39,7,1690,debt_consolidation,rent,bachelors,1.375,0.03,1
33100,90200,548,2,53.8,41,3,28870,debt_consolidation,mortgage,bachelors,2.725,0.32,0
28200,17500,696,13,13.1,30,1,18330,education,rent,bachelors,0.621,1.047,1
117600,19500,582,9,8.5,45,3,16540,major_purchase,mortgage,graduate,0.166,0.848,1
61300,84400,648,2,25.6,57,3,1950,other,mortgage,high_school,1.377,0.023,1
64300,15300,764,2,14.2,34,3,4180,home_improvement,rent,some_college,0.238,0.273,1
47100,43800,674,7,22.1,30,7,13520,home_improvement,mortgage,some_college,0.93,0.309,1
50100,67100,607,10,30.5,30,4,3710,debt_consolidation,rent,graduate,1.339,0.055,0
83600,80100,784,3,25.1,38,6,1850,home_improvement,mortgage,some_college,0.958,0.023,1
53400,54200,554,18,23.1,32,2,1750,medical,mortgage,bachelors,1.015,0.032,1
68800,46300,664,11,15.4,18,4,1870,major_purchase,mortgage,graduate,0.673,0.04,1
49600,108100,570,14,48.1,21,4,970,medical,mortgage,high_school,2.179,0.009,0
46400,73100,706,7,43.9,49,6,273350,education,own,some_college,1.575,3.739,0
28800,38100,689,7,35.5,52,6,320,debt_consolidation,mortgage,some_college,1.323,0.008,0
22200,61500,658,2,63.0,55,5,1250,debt_consolidation,rent,high_school,2.77,0.02,0
48200,78300,777,3,32.0,40,3,11320,major_purchase,own,some_college,1.624,0.145,1
55600,199300,636,6,65.0,27,6,1890,home_improvement,mortgage,some_college,3.585,0.009,0
30400,103800,712,9,65.0,33,6,3000,debt_consolidation,mortgage,high_school,3.414,0.029,0
53300,140100,754,8,61.0,21,6,8550,debt_consolidation,own,high_school,2.629,0.061,1
55500,39000,558,1,24.3,21,4,20850,other,own,high_school,0.703,0.535,1
20500,41500,621,3,43.8,40,4,3350,education,rent,some_college,2.024,0.081,0
35900,50800,689,8,24.3,43,5,17870,debt_consolidation,mortgage,bachelors,1.415,0.352,0
65100,54100,738,9,18.3,59,6,460,major_purchase,rent,high_school,0.831,0.009,1
64500,29600,805,5,18.8,37,5,2100,debt_consolidation,rent,graduate,0.459,0.071,1
32200,145200,666,11,65.0,23,6,9830,debt_consolidation,other,high_school,4.509,0.068,0
58200,111100,658,10,41.9,36,8,77840,debt_consolidation,mortgage,high_school,1.909,0.701,0
85800,48300,610,25,20.6,34,7,1270,debt_consolidation,mortgage,some_college,0.563,0.026,1
76900,93800,713,7,34.5,32,4,990,other,mortgage,high_school,1.22,0.011,0
51900,70000,659,5,29.2,41,8,7930,debt_consolidation,mortgage,graduate,1.349,0.113,0
43900,99100,661,3,51.0,24,4,5290,home_improvement,rent,bachelors,2.257,0.053,0
40800,23400,677,2,24.8,39,2,1800,education,mortgage,some_college,0.574,0.077,0
66900,54100,731,10,28.3,45,10,890,debt_consolidation,mortgage,graduate,0.809,0.016,1
59100,57500,637,9,23.4,53,1,2390,home_improvement,rent,bachelors,0.973,0.042,0
71900,92600,619,2,32.4,41,5,10200,debt_consolidation,mortgage,bachelors,1.288,0.11,0
57500,38600,721,10,23.1,49,2,3080,debt_consolidation,own,some_college,0.671,0.08,1
78300,10400,427,7,10.5,33,4,25330,debt_consolidation,mortgage,high_school,0.133,2.436,1
56500,28100,633,5,16.0,34,8,4060,education,own,some_college,0.497,0.144,1
77100,57400,587,1,14.5,52,8,11410,home_improvement,rent,some_college,0.744,0.199,1
80200,62600,787,9,18.6,22,4,7260,debt_consolidation,mortgage,graduate,0.781,0.116,1
37700,194600,647,20,65.0,33,3,2790,home_improvement,rent,high_school,5.162,0.014,0
24000,90000,637,3,65.0,50,4,15780,education,mortgage,high_school,3.75,0.175,0
108500,63400,680,8,19.0,35,6,890,major_purchase,mortgage,bachelors,0.584,0.014,1
60800,58500,634,10,28.8,34,3,2260,other,mortgage,some_college,0.962,0.039,1
25000,129700,650,0,65.0,35,8,2750,medical,rent,some_college,5.188,0.021,0
39300,39600,693,3,17.3,39,5,8380,debt_consolidation,own,some_college,1.008,0.212,1
76700,54300,649,1,20.3,49,5,11890,debt_consolidation,mortgage,some_college,0.708,0.219,1
47800,27900,648,20,19.6,48,5,1570,home_improvement,mortgage,high_school,0.584,0.056,1
43000,161700,599,0,65.0,38,5,1290,home_improvement,mortgage,bachelors,3.76,0.008,0
101800,78800,586,5,19.0,50,4,5490,home_improvement,rent,some_college,0.774,0.07,1
33800,36500,690,8,22.6,41,3,570,major_purchase,rent,graduate,1.08,0.016,0
37800,55300,711,3,37.9,47,8,20150,debt_consolidation,mortgage,some_college,1.463,0.364,0
59600,85500,563,0,35.2,26,4,3590,other,own,graduate,1.435,0.042,1
64600,50200,749,5,19.3,57,2,960,home_improvement,mortgage,graduate,0.777,0.019,1
67700,41200,749,3,12.9,40,4,930,major_purchase,rent,some_college,0.609,0.023,1
81600,37900,767,9,17.3,56,6,7620,home_improvement,mortgage,bachelors,0.464,0.201,1
59200,75900,710,11,27.5,38,5,7340,major_purchase,rent,high_school,1.282,0.097,0
67500,46600,739,2,22.0,33,1,1680,other,mortgage,high_school,0.69,0.036,1
48200,43600,659,4,24.9,31,8,4190,debt_consolidation,own,bachelors,0.905,0.096,1
55700,23500,596,4,23.9,42,5,1010,home_improvement,rent,high_school,0.422,0.043,1
56900,63200,554,11,27.7,28,3,3420,major_purchase,mortgage,bachelors,1.111,0.054,1
59700,52700,834,7,31.9,31,2,38780,education,mortgage,high_school,0.883,0.736,1
76700,47800,835,2,19.5,31,5,97030,major_purchase,rent,high_school,0.623,2.03,1
69600,68800,606,14,23.1,34,4,3650,debt_consolidation,rent,some_college,0.989,0.053,1
55300,101100,623,3,36.7,32,6,9000,major_purchase,other,graduate,1.828,0.089,1
37600,97800,657,4,51.3,47,4,8510,major_purchase,rent,bachelors,2.601,0.087,1
55900,88200,789,3,38.1,40,3,440,debt_consolidation,mortgage,bachelors,1.578,0.005,0
53500,50600,575,7,25.5,42,4,980,major_purchase,mortgage,bachelors,0.946,0.019,1
59100,40300,517,5,12.9,44,13,190,home_improvement,mortgage,bachelors,0.682,0.005,0
146200,28800,711,17,15.6,36,7,9220,debt_consolidation,mortgage,high_school,0.197,0.32,1
42800,39500,723,7,30.5,26,7,74870,debt_consolidation,rent,graduate,0.923,1.895,0
65500,60700,667,3,17.3,57,4,21850,medical,own,some_college,0.927,0.36,1
87600,34500,724,6,19.1,48,2,5230,debt_consolidation,rent,some_college,0.394,0.152,1
56600,64000,556,18,35.1,55,4,4290,debt_consolidation,mortgage,bachelors,1.131,0.067,1
155100,30500,613,2,4.4,49,2,3000,major_purchase,mortgage,bachelors,0.197,0.098,1
45700,18700,693,9,13.5,32,5,21670,debt_consolidation,own,some_college,0.409,1.159,0
62700,106300,491,1,35.1,24,6,6650,debt_consolidation,mortgage,some_college,1.695,0.063,0
37800,43000,659,16,32.4,45,5,5360,other,own,some_college,1.138,0.125,1
46200,33300,654,4,19.3,36,4,1050,home_improvement,mortgage,high_school,0.721,0.032,0
60600,27800,659,3,14.4,33,5,11400,debt_consolidation,rent,bachelors,0.459,0.41,1
79300,80500,638,18,28.0,37,2,3980,debt_consolidation,mortgage,bachelors,1.015,0.049,0
62500,156800,600,6,59.4,26,5,8570,debt_consolidation,own,some_college,2.509,0.055,0
95500,45200,530,6,16.3,30,5,19900,medical,mortgage,high_school,0.473,0.44,0
51900,51500,697,4,24.0,47,6,500,debt_consolidation,own,some_college,0.992,0.01,1
46700,126800,659,4,55.7,26,4,3250,debt_consolidation,rent,high_school,2.715,0.026,0
182900,16900,568,0,12.3,27,2,2650,other,rent,some_college,0.092,0.157,1
64700,237200,690,9,65.0,40,4,2340,major_purchase,mortgage,bachelors,3.666,0.01,0
39200,331300,659,1,65.0,47,4,1030,education,mortgage,high_school,8.452,0.003,0
39600,9000,645,13,8.3,33,2,1770,major_purchase,own,graduate,0.227,0.197,1
35400,55900,501,2,31.6,54,4,1060,other,rent,bachelors,1.579,0.019,0
82600,36200,743,7,8.1,23,7,15600,debt_consolidation,own,high_school,0.438,0.431,1
46000,49700,580,4,25.4,22,3,8340,debt_consolidation,rent,high_school,1.08,0.168,0
57400,44700,690,4,26.3,21,6,7570,debt_consolidation,mortgage,high_school,0.779,0.169,1
52600,105700,616,5,36.2,19,3,330,debt_consolidation,rent,bachelors,2.01,0.003,0
75300,55300,651,8,23.4,41,5,75240,education,mortgage,high_school,0.734,1.361,1
37000,31600,782,17,20.8,27,5,2770,major_purchase,own,bachelors,0.854,0.088,1
33400,53100,730,4,32.4,22,8,56530,debt_consolidation,mortgage,bachelors,1.59,1.065,1
59900,85800,781,0,35.2,42,1,14030,debt_consolidation,rent,high_school,1.432,0.164,0
71000,26100,713,15,19.9,47,5,3550,major_purchase,rent,some_college,0.368,0.136,1
62900,18900,718,10,19.4,49,5,85860,debt_consolidation,mortgage,some_college,0.3,4.543,1
37600,241600,533,2,65.0,47,7,10880,medical,mortgage,bachelors,6.426,0.045,0
73500,38200,658,2,17.1,27,2,3570,other,rent,graduate,0.52,0.093,1
38800,54400,665,8,34.8,41,3,2840,medical,own,graduate,1.402,0.052,0
42800,45300,789,7,37.0,43,4,20840,debt_consolidation,rent,high_school,1.058,0.46,0
35400,87900,641,20,51.5,32,2,2320,major_purchase,rent,bachelors,2.483,0.026,0
97300,207100,707,9,50.9,39,6,2890,major_purchase,own,bachelors,2.128,0.014,0
72000,89900,704,3,28.1,24,3,2130,education,rent,graduate,1.249,0.024,1
71100,20700,783,3,9.9,31,2,1710,debt_consolidation,rent,some_college,0.291,0.083,1
95000,22700,673,7,19.4,42,4,1860,major_purchase,rent,some_college,0.239,0.082,1
192100,45300,755,1,12.3,54,3,58770,major_purchase,own,some_college,0.236,1.297,1
25100,49600,540,1,44.5,50,7,20140,home_improvement,rent,bachelors,1.976,0.406,0
38900,17900,547,2,18.5,45,5,6830,debt_consolidation,own,bachelors,0.46,0.382,0
41100,106200,490,3,50.9,38,3,2280,debt_consolidation,mortgage,high_school,2.584,0.021,0
36900,28000,751,6,19.9,37,6,2270,medical,mortgage,graduate,0.759,0.081,1
33400,170300,742,10,65.0,22,9,2940,debt_consolidation,mortgage,bachelors,5.099,0.017,0
47300,214200,761,15,65.0,28,3,60150,debt_consolidation,mortgage,high_school,4.529,0.281,0
31300,50300,627,13,38.4,29,7,7390,home_improvement,rent,some_college,1.607,0.147,0
63000,81400,637,12,28.9,44,5,14000,debt_consolidation,own,high_school,1.292,0.172,0
55500,25300,674,4,24.3,48,5,6500,major_purchase,mortgage,bachelors,0.456,0.257,1
67300,92600,807,3,32.7,46,6,1420,debt_consolidation,rent,some_college,1.376,0.015,1
68100,42200,828,8,19.6,51,6,5670,home_improvement,mortgage,graduate,0.62,0.134,1
71100,28000,752,9,20.5,38,6,1090,debt_consolidation,rent,high_school,0.394,0.039,1
45800,48900,713,2,23.7,27,8,26200,home_improvement,other,some_college,1.068,0.536,1
140700,43200,798,5,11.4,37,6,1720,major_purchase,mortgage,high_school,0.307,0.04,1
60200,47700,663,3,23.4,30,5,2210,education,mortgage,high_school,0.792,0.046,1
23400,116400,651,1,65.0,45,7,15340,debt_consolidation,own,bachelors,4.974,0.132,0
34500,34600,674,8,25.1,34,7,1850,debt_consolidation,other,bachelors,1.003,0.053,1
24800,201700,601,12,65.0,36,4,3620,debt_consolidation,own,graduate,8.133,0.018,0
54600,23700,670,19,23.1,45,5,120,debt_consolidation,mortgage,bachelors,0.434,0.005,1
51300,185500,590,5,65.0,29,7,3130,debt_consolidation,rent,high_school,3.616,0.017,1
43900,29400,772,1,24.8,48,4,11290,other,rent,some_college,0.67,0.384,0
133900,59800,731,21,18.0,23,5,2040,debt_consolidation,rent,bachelors,0.447,0.034,1
69400,42500,806,23,17.3,41,5,10750,debt_consolidation,own,bachelors,0.612,0.253,1
75100,47100,546,37,25.9,37,4,4800,other,rent,high_school,0.627,0.102,1
35600,104900,846,27,57.2,47,3,22540,major_purchase,rent,graduate,2.947,0.215,1
34600,171100,551,7,65.0,22,5,1760,debt_consolidation,mortgage,graduate,4.945,0.01,0
55100,137800,583,6,51.0,21,4,3500,medical,rent,bachelors,2.501,0.025,1
58600,45100,632,11,20.1,46,4,630,major_purchase,own,high_school,0.77,0.014,1
23500,68100,796,1,62.3,33,6,4320,education,own,some_college,2.898,0.063,1
50000,34600,704,3,28.6,37,1,2720,debt_consolidation,own,bachelors,0.692,0.079,0
54500,29900,664,5,23.6,30,6,18850,home_improvement,mortgage,some_college,0.549,0.63,1
49200,26800,617,14,19.2,48,7,2050,major_purchase,mortgage,some_college,0.545,0.076,1
37600,44100,568,14,29.4,41,10,2720,other,mortgage,bachelors,1.173,0.062,0
42500,71300,781,6,41.3,40,5,1910,major_purchase,mortgage,high_school,1.678,0.027,0
50000,15700,752,1,19.1,25,5,5110,debt_consolidation,rent,high_school,0.314,0.325,1
56400,58000,799,12,19.5,43,6,79530,other,mortgage,high_school,1.028,1.371,1
71100,173000,718,1,51.3,27,3,4600,home_improvement,rent,high_school,2.433,0.027,1
88100,131300,460,4,30.6,30,6,25440,home_improvement,mortgage,some_college,1.49,0.194,0
47500,39800,579,7,22.2,22,5,2390,debt_consolidation,mortgage,bachelors,0.838,0.06,0
44100,22500,724,1,12.2,36,2,10280,education,own,high_school,0.51,0.457,1
66000,82600,653,3,23.3,49,4,25550,home_improvement,rent,some_college,1.252,0.309,1
71300,11800,637,13,5.7,40,1,3340,other,rent,high_school,0.165,0.283,1
44600,130200,591,11,58.3,33,6,1970,home_improvement,own,some_college,2.919,0.015,0
77300,51600,765,2,22.4,39,4,18210,debt_consolidation,mortgage,high_school,0.668,0.353,0
84200,215800,723,8,50.9,39,3,9830,medical,own,some_college,2.563,0.046,1
96900,17900,727,1,7.9,38,3,4500,debt_consolidation,mortgage,bachelors,0.185,0.251,1
120600,113900,631,10,26.6,39,4,11570,debt_consolidation,own,graduate,0.944,0.102,1
36700,55800,699,3,36.5,26,4,18850,other,rent,some_college,1.52,0.338,1
54500,47500,571,5,30.5,39,2,4560,other,mortgage,some_college,0.872,0.096,1
54500,23000,673,7,19.3,18,2,7540,medical,rent,bachelors,0.422,0.328,0
51800,90900,470,2,35.5,44,7,10210,debt_consolidation,mortgage,bachelors,1.755,0.112,0
40500,96100,551,3,48.0,25,5,2570,medical,mortgage,some_college,2.373,0.027,0
27800,208900,657,19,65.0,50,6,25930,major_purchase,rent,graduate,7.514,0.124,0
56500,121300,531,5,43.1,56,4,1160,home_improvement,own,some_college,2.147,0.01,0
38300,39500,579,7,25.3,19,7,4090,home_improvement,rent,graduate,1.031,0.104,0
56300,29700,703,7,10.7,24,4,14390,home_improvement,own,graduate,0.528,0.485,1
37900,23000,835,16,13.7,41,5,1120,debt_consolidation,mortgage,graduate,0.607,0.049,1
33000,167900,702,11,65.0,44,10,16640,home_improvement,rent,high_school,5.088,0.099,0
60200,34700,744,2,19.0,34,2,6420,debt_consolidation,own,high_school,0.576,0.185,1
58000,168700,656,17,57.8,47,4,31420,education,own,some_college,2.909,0.186,0
70300,86500,641,21,28.2,29,0,11590,education,mortgage,bachelors,1.23,0.134,0
144900,75400,691,2,24.2,33,5,3910,debt_consolidation,mortgage,some_college,0.52,0.052,1
61400,48300,629,5,19.5,34,3,6800,other,mortgage,high_school,0.787,0.141,1
67400,95100,746,6,35.3,32,6,7150,medical,rent,some_college,1.411,0.075,1
33400,59200,548,5,43.4,37,8,83500,education,own,some_college,1.772,1.41,0
30400,46200,760,10,41.1,36,2,5530,education,mortgage,bachelors,1.52,0.12,0
110400,97500,688,5,20.5,49,2,4050,debt_consolidation,rent,graduate,0.883,0.042,0
35800,54100,666,4,29.6,23,2,3740,education,rent,some_college,1.511,0.069,1
33900,34200,545,10,21.7,30,10,6400,debt_consolidation,other,high_school,1.009,0.187,1
53200,91100,601,0,41.7,51,3,1000,other,rent,bachelors,1.712,0.011,0
52000,57300,786,7,35.8,41,4,2880,major_purchase,own,some_college,1.102,0.05,1
36100,84300,667,9,53.1,44,1,1190,major_purchase,own,some_college,2.335,0.014,1
47200,43600,708,16,22.0,42,5,1430,debt_consolidation,rent,some_college,0.924,0.033,1
94200,25700,610,7,17.7,43,6,15150,debt_consolidation,mortgage,some_college,0.273,0.589,1
37700,201700,682,1,65.0,58,2,5100,debt_consolidation,mortgage,high_school,5.35,0.025,0
28900,176800,568,7,65.0,39,6,1740,debt_consolidation,rent,bachelors,6.118,0.01,0
82800,111200,693,1,30.8,26,3,3980,home_improvement,mortgage,graduate,1.343,0.036,1
67600,45600,716,8,17.8,45,2,3480,debt_consolidation,mortgage,graduate,0.675,0.076,1
41000,48500,712,14,26.5,31,4,5290,other,mortgage,bachelors,1.183,0.109,1
26600,157600,608,6,65.0,36,4,600,education,mortgage,some_college,5.925,0.004,0
38800,46700,655,5,27.6,42,2,1070,home_improvement,own,graduate,1.204,0.023,1
52900,38500,730,11,14.8,28,0,650,education,other,bachelors,0.728,0.017,1
91500,222000,667,8,54.0,32,5,1390,major_purchase,mortgage,some_college,2.426,0.006,1
34000,57900,660,11,34.8,43,0,1790,other,mortgage,some_college,1.703,0.031,0
52200,206500,846,27,65.0,31,13,1150,medical,own,bachelors,3.956,0.006,0
73400,22500,604,4,16.3,48,6,14330,medical,own,bachelors,0.307,0.637,1
18600,86100,776,9,65.0,27,2,64600,debt_consolidation,own,some_college,4.629,0.75,0
86300,255200,586,17,59.4,27,7,15610,medical,own,some_college,2.957,0.061,0
31800,61100,740,17,42.8,58,4,2230,medical,rent,some_college,1.921,0.036,1
62900,49800,745,10,21.1,21,2,6600,debt_consolidation,own,bachelors,0.792,0.133,1
60500,26400,641,5,14.1,37,8,4480,debt_consolidation,mortgage,high_school,0.436,0.17,0
88300,127700,581,10,24.7,58,5,2100,education,rent,some_college,1.446,0.016,1
69400,34900,517,11,16.4,37,5,31400,other,mortgage,high_school,0.503,0.9,0
18600,56000,632,12,65.0,52,4,81640,major_purchase,own,bachelors,3.011,1.458,0
38100,25200,729,2,22.4,45,7,630,debt_consolidation,mortgage,some_college,0.661,0.025,1
57700,178100,593,21,62.1,37,3,36920,home_improvement,own,some_college,3.087,0.207,0
49600,134400,693,17,58.7,36,3,2150,debt_consolidation,mortgage,graduate,2.71,0.016,1
67200,58600,559,6,26.2,34,1,3400,education,mortgage,some_college,0.872,0.058,1
77300,26700,665,16,10.8,40,0,7300,debt_consolidation,mortgage,some_college,0.345,0.273,1
71200,175500,587,6,57.4,40,11,42900,debt_consolidation,mortgage,some_college,2.465,0.244,0
49200,46300,678,19,25.6,65,6,7290,home_improvement,mortgage,bachelors,0.941,0.157,1
23600,27600,642,7,27.8,41,3,8760,major_purchase,rent,some_college,1.169,0.317,0
44100,17400,583,3,21.5,44,5,16230,other,own,some_college,0.395,0.933,0
65300,38100,628,24,10.2,50,5,20240,home_improvement,mortgage,some_college,0.583,0.531,1
33200,21600,605,12,15.0,43,4,10050,debt_consolidation,rent,bachelors,0.651,0.465,1
72000,38700,573,5,20.2,37,4,20420,debt_consolidation,rent,some_college,0.538,0.528,1
81500,100800,777,20,33.0,37,8,2130,major_purchase,mortgage,some_college,1.237,0.021,1
57400,46000,654,11,29.0,34,4,430,debt_consolidation,mortgage,bachelors,0.801,0.009,0
13600,76800,497,5,65.0,42,4,63260,major_purchase,other,bachelors,5.647,0.824,0
30500,36100,632,20,32.7,36,8,1150,home_improvement,rent,bachelors,1.184,0.032,1
126600,62700,762,12,11.9,44,4,2330,home_improvement,mortgage,some_college,0.495,0.037,1
42400,229700,620,8,65.0,26,5,3090,debt_consolidation,mortgage,graduate,5.417,0.013,0
22200,46900,812,7,45.8,39,8,2430,other,rent,some_college,2.113,0.052,0
94500,78400,612,3,26.3,55,2,1780,major_purchase,mortgage,bachelors,0.83,0.023,0
54500,20000,727,0,13.7,35,3,9410,home_improvement,mortgage,some_college,0.367,0.47,1
89100,173500,773,11,47.1,58,4,9550,home_improvement,mortgage,some_college,1.947,0.055,1
61400,42900,723,2,17.3,39,1,11710,debt_consolidation,mortgage,some_college,0.699,0.273,1
66600,124900,568,3,41.4,37,2,10720,debt_consolidation,own,some_college,1.875,0.086,0
63800,54900,604,6,24.3,39,5,2740,education,rent,some_college,0.861,0.05,0
74200,91900,784,6,37.0,34,4,2740,home_improvement,mortgage,bachelors,1.239,0.03,1
151000,95800,616,3,22.8,47,3,23550,debt_consolidation,mortgage,some_college,0.634,0.246,0
83900,43600,767,11,18.2,62,4,2370,other,rent,bachelors,0.52,0.054,1
26600,128600,648,1,65.0,43,2,2300,major_purchase,mortgage,some_college,4.835,0.018,0
66200,35200,697,11,21.9,43,5,18060,debt_consolidation,mortgage,some_college,0.532,0.513,0
90600,103200,567,5,30.0,35,12,4790,debt_consolidation,mortgage,some_college,1.139,0.046,1
93100,45600,633,3,12.7,50,5,2420,debt_consolidation,mortgage,some_college,0.49,0.053,1
44700,76500,610,1,41.3,37,5,2460,major_purchase,mortgage,bachelors,1.711,0.032,0
91500,43300,704,7,16.4,40,8,23710,other,rent,high_school,0.473,0.548,1
82200,62000,692,2,20.2,20,6,11160,debt_consolidation,rent,high_school,0.754,0.18,0
172400,28200,724,2,7.8,32,4,6840,debt_consolidation,own,some_college,0.164,0.243,1
38700,71200,643,17,43.4,42,5,960,debt_consolidation,mortgage,high_school,1.84,0.013,1
43100,61800,605,1,35.9,47,2,6890,home_improvement,mortgage,high_school,1.434,0.111,0
47200,41000,700,1,19.8,48,3,3650,medical,mortgage,bachelors,0.869,0.089,1
43500,57600,597,10,27.4,20,8,1370,debt_consolidation,other,high_school,1.324,0.024,1
36300,65800,776,8,48.2,21,6,2120,other,mortgage,bachelors,1.813,0.032,1
15600,38900,675,4,56.3,44,4,13020,debt_consolidation,own,some_college,2.494,0.335,0
44600,54700,657,2,30.4,29,7,27980,medical,mortgage,high_school,1.226,0.512,1
64000,29600,724,3,18.7,47,6,1120,major_purchase,mortgage,some_college,0.462,0.038,1
43400,309300,678,4,65.0,20,3,1330,home_improvement,mortgage,high_school,7.127,0.004,0
129400,125700,544,9,24.8,36,7,12990,education,own,high_school,0.971,0.103,0
54500,72500,594,8,32.0,37,4,2770,major_purchase,own,some_college,1.33,0.038,1
96900,136000,774,5,37.1,43,5,10660,medical,rent,bachelors,1.404,0.078,1
60900,15000,692,5,6.8,26,1,2720,major_purchase,own,some_college,0.246,0.181,1
78600,10000,542,11,6.2,39,5,11020,major_purchase,mortgage,some_college,0.127,1.102,1
61400,45300,714,3,16.4,43,5,720,debt_consolidation,other,high_school,0.738,0.016,1
100300,22800,637,1,15.5,49,9,10600,major_purchase,rent,graduate,0.227,0.465,1
55600,50700,610,16,24.0,34,3,260,education,mortgage,some_college,0.912,0.005,0
67700,69100,587,5,22.7,46,6,17950,major_purchase,mortgage,high_school,1.021,0.26,0
63900,114000,769,23,39.2,43,3,4690,education,mortgage,some_college,1.784,0.041,1
47600,27000,517,4,15.7,52,4,9120,other,rent,graduate,0.567,0.338,1
65000,79200,613,6,24.2,37,1,6850,debt_consolidation,own,bachelors,1.218,0.086,0
148100,60500,695,3,20.4,18,9,450,major_purchase,rent,high_school,0.409,0.007,1
48000,76400,819,8,36.1,37,4,33310,education,own,high_school,1.592,0.436,1
65400,41600,732,5,24.6,38,5,7850,debt_consolidation,mortgage,bachelors,0.636,0.189,1
95400,157700,613,5,32.0,43,3,14170,debt_consolidation,mortgage,bachelors,1.653,0.09,1
90500,55700,814,7,21.1,21,4,1610,debt_consolidation,rent,high_school,0.615,0.029,1
54500,207300,569,4,65.0,34,6,6880,education,rent,some_college,3.804,0.033,0
18500,34400,707,7,51.3,47,8,790,other,mortgage,high_school,1.859,0.023,1
68400,100700,726,3,27.6,36,5,6060,other,mortgage,high_school,1.472,0.06,1
20000,57400,610,7,65.0,34,4,1320,home_improvement,own,high_school,2.87,0.023,0
105000,47600,744,1,16.1,58,6,11470,major_purchase,own,some_college,0.453,0.241,1
58500,93200,641,1,35.9,26,4,31670,debt_consolidation,mortgage,high_school,1.593,0.34,1
85000,48600,744,3,20.6,51,5,3470,other,mortgage,bachelors,0.572,0.071,1
36100,9300,528,2,8.9,49,4,8590,other,rent,some_college,0.258,0.924,0
26900,7000,713,2,15.8,35,4,17460,major_purchase,other,some_college,0.26,2.494,1
60900,145900,649,9,54.6,37,2,1090,debt_consolidation,mortgage,graduate,2.396,0.007,0
53400,141700,782,5,55.8,37,5,1920,other,rent,some_college,2.654,0.014,1
43400,224400,681,4,65.0,40,6,19180,education,own,high_school,5.171,0.085,0
56300,59100,791,8,34.6,31,5,3620,other,rent,some_college,1.05,0.061,1
188200,24200,728,8,12.9,33,6,1730,home_improvement,mortgage,some_college,0.129,0.071,1
78900,44600,674,4,15.0,34,1,2030,debt_consolidation,mortgage,some_college,0.565,0.046,1
86900,60400,751,13,23.5,34,8,890,debt_consolidation,own,some_college,0.695,0.015,1
79200,29600,752,5,12.6,34,2,320,home_improvement,mortgage,some_college,0.374,0.011,1
105400,189900,725,10,37.5,39,6,460,other,rent,some_college,1.802,0.002,0
49700,287100,490,3,65.0,32,3,5240,debt_consolidation,mortgage,bachelors,5.777,0.018,0
21500,83700,601,7,65.0,34,5,12590,major_purchase,rent,some_college,3.893,0.15,0
49800,59400,802,10,29.7,33,4,167130,other,rent,some_college,1.193,2.814,1
78100,24200,578,9,16.3,52,6,4640,debt_consolidation,mortgage,bachelors,0.31,0.192,1
35000,176800,760,9,65.0,32,1,820,home_improvement,mortgage,some_college,5.051,0.005,0
50000,63200,745,3,33.3,45,2,4720,medical,rent,high_school,1.264,0.075,1
39700,48900,623,2,24.3,53,3,13150,home_improvement,mortgage,some_college,1.232,0.269,1
106500,83900,515,1,16.9,31,2,20790,home_improvement,own,some_college,0.788,0.248,1
75900,39700,636,4,24.3,37,4,18150,medical,mortgage,bachelors,0.523,0.457,0
72600,66400,611,4,21.9,57,5,10960,debt_consolidation,mortgage,bachelors,0.915,0.165,1
71700,21800,617,8,7.4,40,8,5620,major_purchase,mortgage,bachelors,0.304,0.258,1
53300,128200,600,6,47.3,42,4,13790,other,mortgage,some_college,2.405,0.108,1
59200,55700,788,1,28.1,33,4,940,debt_consolidation,mortgage,high_school,0.941,0.017,1
31800,134700,664,12,65.0,45,9,300,debt_consolidation,rent,some_college,4.236,0.002,0
20300,52000,631,7,56.7,37,1,92090,debt_consolidation,rent,some_college,2.562,1.771,0
58000,54400,805,3,24.8,34,4,4600,medical,rent,graduate,0.938,0.085,1
62700,25600,734,3,10.9,24,4,10380,debt_consolidation,mortgage,high_school,0.408,0.405,1
93400,101900,606,16,20.5,39,4,100,home_improvement,rent,some_college,1.091,0.001,0
109900,32400,580,2,10.0,27,7,42740,major_purchase,rent,some_college,0.295,1.319,1
109800,42600,783,16,15.5,43,1,24790,home_improvement,mortgage,bachelors,0.388,0.582,1
34600,59900,686,5,34.4,38,5,550,major_purchase,mortgage,bachelors,1.731,0.009,1
46200,65200,553,5,37.3,24,3,3150,education,mortgage,high_school,1.411,0.048,0
67200,18100,533,8,8.8,32,8,7130,home_improvement,mortgage,bachelors,0.269,0.394,1
169300,50900,590,1,6.8,44,5,840,education,rent,some_college,0.301,0.017,1
105500,104500,579,7,25.8,50,5,9740,home_improvement,mortgage,bachelors,0.991,0.093,0
89700,45900,511,10,20.3,28,2,21240,home_improvement,own,high_school,0.512,0.463,1
45500,51200,591,4,34.2,25,4,7740,debt_consolidation,rent,some_college,1.125,0.151,1
36400,67100,606,6,34.7,59,3,550,medical,rent,some_college,1.843,0.008,0
77300,54800,645,23,26.5,37,7,1150,major_purchase,mortgage,high_school,0.709,0.021,1
33000,29100,828,11,24.6,39,9,4130,medical,mortgage,bachelors,0.882,0.142,1
48700,58400,662,2,27.1,29,10,3470,home_improvement,rent,graduate,1.199,0.059,1
51400,120100,670,4,52.8,40,4,3570,education,own,high_school,2.337,0.03,1
110900,28700,728,4,18.1,56,3,3390,debt_consolidation,mortgage,high_school,0.259,0.118,1
46200,46100,664,11,19.2,40,6,390,medical,rent,some_college,0.998,0.008,1
18100,22800,719,2,29.0,49,6,15180,debt_consolidation,rent,some_college,1.26,0.666,0
68000,115700,708,9,36.4,38,4,11830,debt_consolidation,mortgage,bachelors,1.701,0.102,1
39600,56100,695,9,36.0,26,2,10210,home_improvement,rent,bachelors,1.417,0.182,0
55200,33000,762,6,24.6,30,5,8970,debt_consolidation,mortgage,some_college,0.598,0.272,1
52100,63900,593,12,30.4,25,3,3300,debt_consolidation,mortgage,graduate,1.226,0.052,0
47900,25800,716,3,16.5,40,7,2100,debt_consolidation,rent,some_college,0.539,0.081,1
77300,29000,617,14,16.5,51,5,1180,other,own,bachelors,0.375,0.041,1
27200,21500,722,1,21.3,39,4,42620,education,own,bachelors,0.79,1.982,1
42900,28400,568,2,11.2,34,4,4780,other,mortgage,high_school,0.662,0.168,0
73700,154800,590,1,47.9,29,8,480,debt_consolidation,mortgage,high_school,2.1,0.003,0
41100,35800,714,3,27.6,41,3,4720,debt_consolidation,mortgage,graduate,0.871,0.132,1
26300,83000,769,10,65.0,24,3,270,debt_consolidation,rent,some_college,3.156,0.003,1
73200,33300,727,8,11.6,25,6,6950,medical,rent,bachelors,0.455,0.209,1
89800,101900,757,7,30.9,47,3,6000,other,rent,high_school,1.135,0.059,1
53100,29200,716,3,24.0,34,8,2300,home_improvement,rent,bachelors,0.55,0.079,1
22400,61500,699,6,65.0,34,4,1320,major_purchase,rent,some_college,2.746,0.021,0
74400,62100,642,14,24.9,36,5,10800,debt_consolidation,mortgage,bachelors,0.835,0.174,1
25700,305400,754,3,65.0,45,3,4380,major_purchase,own,high_school,11.883,0.014,0
62300,93100,772,3,30.9,39,6,320,other,rent,high_school,1.494,0.003,1
36300,39500,679,3,23.1,29,4,26510,major_purchase,rent,bachelors,1.088,0.671,1
32100,96700,675,7,65.0,30,4,1320,major_purchase,rent,some_college,3.012,0.014,0
44400,267500,820,9,65.0,35,3,780,home_improvement,rent,bachelors,6.025,0.003,1
49900,19100,683,11,15.5,41,4,32930,home_improvement,rent,high_school,0.383,1.724,1
40500,33200,691,4,28.5,37,3,21660,debt_consolidation,mortgage,some_college,0.82,0.652,0
70600,50700,726,4,23.8,36,4,2730,education,mortgage,bachelors,0.718,0.054,1
44300,44700,676,3,29.0,38,3,850,major_purchase,mortgage,bachelors,1.009,0.019,0
84200,47400,615,9,17.9,37,3,1380,debt_consolidation,rent,bachelors,0.563,0.029,1
61500,24000,717,1,13.4,29,4,2660,home_improvement,mortgage,high_school,0.39,0.111,1
39600,160000,681,5,65.0,50,5,26980,debt_consolidation,mortgage,some_college,4.04,0.169,0
36700,22100,841,5,23.8,32,3,30120,debt_consolidation,mortgage,bachelors,0.602,1.363,1
25800,52000,752,10,47.7,39,5,6200,debt_consolidation,mortgage,high_school,2.016,0.119,1
61700,124500,634,1,44.4,35,5,12210,education,mortgage,some_college,2.018,0.098,1
46200,58600,746,10,28.5,25,2,3670,debt_consolidation,rent,high_school,1.268,0.063,1
18600,30200,711,8,41.5,27,3,1450,other,rent,graduate,1.624,0.048,1
42600,23300,796,20,16.6,64,6,600,debt_consolidation,mortgage,graduate,0.547,0.026,1
36100,51000,640,17,33.7,40,6,7720,home_improvement,mortgage,high_school,1.413,0.151,0
110100,35200,701,13,16.2,51,4,17340,education,mortgage,bachelors,0.32,0.493,1
25200,69100,676,0,58.2,47,1,2400,debt_consolidation,mortgage,some_college,2.742,0.035,1
28300,22400,689,2,28.4,48,1,25910,other,rent,graduate,0.792,1.157,0
89300,105800,609,12,24.0,35,3,2870,major_purchase,rent,some_college,1.185,0.027,0
99800,64900,733,5,20.0,55,5,5530,debt_consolidation,own,high_school,0.65,0.085,1
38700,68400,720,17,48.4,47,4,3610,other,mortgage,bachelors,1.767,0.053,0
40800,164200,794,6,65.0,38,10,27750,debt_consolidation,rent,graduate,4.025,0.169,0
71500,44100,684,9,18.3,40,1,9800,debt_consolidation,own,some_college,0.617,0.222,1
19000,36000,649,9,45.3,36,10,4530,education,rent,some_college,1.895,0.126,0
23400,40800,752,6,39.2,38,7,5470,debt_consolidation,mortgage,bachelors,1.744,0.134,1
47700,52300,617,12,33.6,37,5,930,major_purchase,mortgage,high_school,1.096,0.018,0
108800,56200,777,10,20.6,42,0,220,debt_consolidation,mortgage,bachelors,0.517,0.004,1
44500,33500,777,2,18.1,57,9,2340,other,own,bachelors,0.753,0.07,1
56700,14500,791,24,13.6,24,7,3750,home_improvement,own,some_college,0.256,0.259,1
90200,40400,717,2,17.7,50,4,10340,debt_consolidation,mortgage,high_school,0.448,0.256,1
139800,77000,643,3,19.8,33,2,3910,other,own,high_school,0.551,0.051,1
41800,65900,694,9,37.7,51,7,2550,medical,mortgage,graduate,1.577,0.039,1
53800,138600,717,8,56.6,34,6,80,medical,own,bachelors,2.576,0.001,0
123000,235400,637,11,44.1,42,7,10280,home_improvement,own,some_college,1.914,0.044,1
27300,101900,798,5,65.0,36,6,6600,major_purchase,mortgage,graduate,3.733,0.065,1
86000,157600,734,8,39.2,18,7,15360,debt_consolidation,mortgage,graduate,1.833,0.097,1
34300,102400,609,3,60.7,57,4,5110,home_improvement,rent,graduate,2.985,0.05,0
56700,198200,845,6,65.0,27,3,24480,debt_consolidation,mortgage,some_college,3.496,0.124,1
48600,218700,693,16,65.0,38,4,2270,home_improvement,rent,bachelors,4.5,0.01,0
35200,116500,592,2,65.0,26,6,4640,debt_consolidation,own,high_school,3.31,0.04,0
34800,98200,614,12,55.0,23,5,6880,education,rent,high_school,2.822,0.07,0
61400,51900,811,5,16.3,35,4,12380,debt_consolidation,mortgage,bachelors,0.845,0.239,1
84800,58200,840,2,28.2,31,8,8800,home_improvement,rent,high_school,0.686,0.151,1
51100,47300,770,3,21.4,25,5,9590,major_purchase,mortgage,high_school,0.926,0.203,1
55900,92500,797,5,42.2,37,5,7160,debt_consolidation,rent,high_school,1.655,0.077,0
70100,36200,788,13,19.7,21,3,3750,debt_consolidation,rent,some_college,0.516,0.104,1
35000,52400,732,8,31.8,39,7,17360,debt_consolidation,own,some_college,1.497,0.331,1
75600,11500,712,1,10.2,36,6,470,debt_consolidation,mortgage,graduate,0.152,0.041,1
78300,200000,730,12,52.8,32,8,2040,education,mortgage,some_college,2.554,0.01,1
174800,51300,747,11,14.7,43,3,45640,home_improvement,own,some_college,0.293,0.89,1
45700,82400,621,1,37.4,26,6,1920,home_improvement,mortgage,bachelors,1.803,0.023,0
44100,166100,747,2,65.0,43,3,4410,debt_consolidation,mortgage,bachelors,3.766,0.027,0
76600,73900,808,14,25.2,42,3,34300,home_improvement,mortgage,some_college,0.965,0.464,1
78300,164600,667,6,50.2,26,2,4120,debt_consolidation,mortgage,bachelors,2.102,0.025,0
42600,25100,658,12,17.0,37,1,1530,debt_consolidation,mortgage,graduate,0.589,0.061,1
45200,320700,725,0,65.0,47,9,26310,home_improvement,own,bachelors,7.095,0.082,0
69100,128200,629,0,39.2,28,3,3280,major_purchase,mortgage,some_college,1.855,0.026,0
37300,69300,573,10,42.9,35,3,3610,debt_consolidation,mortgage,bachelors,1.858,0.052,0
45000,162400,782,3,65.0,50,3,310,debt_consolidation,own,bachelors,3.609,0.002,0
56400,26400,646,10,21.2,28,3,4110,medical,rent,high_school,0.468,0.156,1
84800,48900,686,12,18.5,43,8,12790,debt_consolidation,rent,bachelors,0.577,0.262,1
41300,164600,633,4,65.0,26,6,2690,debt_consolidation,other,high_school,3.985,0.016,0
23600,16200,793,5,21.2,36,4,820,other,mortgage,high_school,0.686,0.051,0
22900,88600,757,4,65.0,42,4,2510,debt_consolidation,mortgage,high_school,3.869,0.028,0
30700,86900,664,3,54.6,32,3,2080,major_purchase,own,high_school,2.831,0.024,1
30000,237600,584,7,65.0,42,2,3450,education,mortgage,high_school,7.92,0.015,0
50500,19800,655,11,9.0,40,4,2380,debt_consolidation,rent,graduate,0.392,0.12,1
31700,184700,733,3,65.0,32,5,50530,home_improvement,mortgage,high_school,5.826,0.274,0
39500,40500,701,3,25.8,25,2,7500,home_improvement,rent,high_school,1.025,0.185,1
38200,43800,694,4,22.5,44,6,430,debt_consolidation,rent,bachelors,1.147,0.01,1
44400,25500,702,9,15.9,34,4,5430,debt_consolidation,mortgage,bachelors,0.574,0.213,1
98200,28000,749,12,15.7,43,3,4650,other,mortgage,bachelors,0.285,0.166,1
73000,79400,681,4,32.8,42,4,26170,debt_consolidation,mortgage,graduate,1.088,0.33,1
54600,27500,723,0,11.9,33,7,3950,education,rent,bachelors,0.504,0.144,1
44000,100500,601,2,57.8,49,6,3790,home_improvement,mortgage,bachelors,2.284,0.038,0
44600,37600,660,4,19.3,31,1,66720,major_purchase,own,some_college,0.843,1.774,1
62800,25600,702,3,8.5,51,5,1100,home_improvement,rent,some_college,0.408,0.043,1
70500,41400,733,1,25.6,52,6,15010,major_purchase,rent,bachelors,0.587,0.363,1
36000,75800,650,6,41.7,49,1,5370,home_improvement,rent,some_college,2.106,0.071,0
55100,49300,685,28,30.2,36,3,2440,home_improvement,mortgage,high_school,0.895,0.049,1
21700,61300,684,2,56.2,66,4,1980,medical,rent,some_college,2.825,0.032,0
59600,97500,607,7,36.3,39,2,32920,education,rent,some_college,1.636,0.338,1
76300,127700,722,9,32.9,40,10,9430,debt_consolidation,own,high_school,1.674,0.074,0
47800,48200,544,9,31.3,37,8,11400,debt_consolidation,mortgage,bachelors,1.008,0.237,0
122700,28800,833,6,16.8,25,0,17080,education,mortgage,bachelors,0.235,0.593,1
36400,63100,752,2,36.6,52,6,7930,debt_consolidation,own,high_school,1.734,0.126,1
59700,83200,739,11,32.8,31,5,1110,education,rent,some_college,1.394,0.013,1
53300,21500,537,1,17.9,48,5,540,debt_consolidation,rent,some_college,0.403,0.025,0
51800,32100,617,5,17.3,50,7,42430,debt_consolidation,other,some_college,0.62,1.322,1
51500,36200,803,5,26.1,44,6,6580,debt_consolidation,mortgage,high_school,0.703,0.182,1
56900,51800,786,2,24.0,30,4,5490,debt_consolidation,rent,graduate,0.91,0.106,1
79300,35100,773,4,13.9,34,2,61480,medical,own,high_school,0.443,1.752,1
100700,98200,729,9,19.2,36,6,1110,debt_consolidation,mortgage,bachelors,0.975,0.011,1
54100,19500,612,5,9.3,46,3,140,other,rent,high_school,0.36,0.007,0
78200,19800,769,1,14.9,35,7,390,debt_consolidation,rent,bachelors,0.253,0.02,1
39500,47400,591,10,30.5,31,3,2340,major_purchase,other,some_college,1.2,0.049,0
76500,52900,582,19,23.7,34,3,5790,major_purchase,mortgage,bachelors,0.692,0.109,1
38400,21600,576,1,15.9,51,4,34490,debt_consolidation,rent,graduate,0.562,1.597,1
88500,39200,767,6,9.4,37,6,16000,education,mortgage,graduate,0.443,0.408,1
146500,45200,680,6,11.6,58,3,140,debt_consolidation,rent,bachelors,0.309,0.003,1
51300,45500,693,1,32.1,31,3,247950,home_improvement,own,some_college,0.887,5.449,0
20200,66600,683,14,63.5,40,4,2770,debt_consolidation,own,some_college,3.297,0.042,0
42300,37700,589,6,23.9,33,5,27420,home_improvement,other,graduate,0.891,0.727,1
94300,168500,627,11,30.5,60,2,10560,debt_consolidation,mortgage,graduate,1.787,0.063,0
69500,84300,632,8,27.8,39,4,4950,debt_consolidation,rent,some_college,1.213,0.059,0
60600,34000,565,14,16.4,61,6,3530,other,own,some_college,0.561,0.104,1
85300,64000,642,7,22.8,33,7,1040,education,rent,high_school,0.75,0.016,0
67400,65300,593,4,24.2,54,2,810,education,rent,some_college,0.969,0.012,0
93700,140100,734,9,28.8,39,5,3890,major_purchase,own,some_college,1.495,0.028,1
81900,39300,741,3,14.0,47,1,700,major_purchase,mortgage,bachelors,0.48,0.018,1
107400,102500,575,9,24.4,24,4,49370,education,rent,some_college,0.954,0.482,1
63700,61700,659,2,21.5,41,5,5630,home_improvement,own,some_college,0.969,0.091,1
81400,170100,842,5,42.2,26,5,92020,other,mortgage,high_school,2.09,0.541,1
47200,147800,601,4,65.0,40,5,2670,home_improvement,mortgage,high_school,3.131,0.018,0
41300,68700,721,7,35.4,21,7,2150,major_purchase,own,bachelors,1.663,0.031,0
116800,49800,693,15,17.4,36,2,11240,home_improvement,own,high_school,0.426,0.226,1
59700,85400,777,3,33.0,50,6,3420,debt_consolidation,mortgage,graduate,1.43,0.04,1
77800,52800,710,11,15.3,44,3,19190,debt_consolidation,mortgage,high_school,0.679,0.363,1
57300,194100,648,14,65.0,24,2,36810,other,other,bachelors,3.387,0.19,0
41600,63300,690,11,36.6,43,11,22900,major_purchase,own,high_school,1.522,0.362,0
54400,45100,691,7,29.9,55,6,33200,debt_consolidation,own,bachelors,0.829,0.736,1
103400,43400,677,7,12.5,27,6,15440,other,rent,bachelors,0.42,0.356,1
69600,25600,572,3,14.3,61,5,2280,other,rent,high_school,0.368,0.089,0
25100,88400,790,1,65.0,37,4,24240,major_purchase,mortgage,some_college,3.522,0.274,1
49200,33700,775,6,25.4,20,6,13050,debt_consolidation,mortgage,bachelors,0.685,0.387,1
120800,129100,596,15,24.6,46,3,2070,debt_consolidation,mortgage,high_school,1.069,0.016,1
49200,24200,659,17,16.2,39,9,2470,education,other,some_college,0.492,0.102,0
24100,65500,665,1,61.4,54,3,4320,debt_consolidation,rent,some_college,2.718,0.066,0
127000,133900,586,16,29.0,24,5,23300,debt_consolidation,mortgage,bachelors,1.054,0.174,1
73600,13300,526,9,15.4,39,5,5790,debt_consolidation,mortgage,some_college,0.181,0.435,1
52500,245900,627,8,65.0,38,9,4880,major_purchase,rent,bachelors,4.684,0.02,0
45800,44500,654,15,27.7,36,0,3930,debt_consolidation,rent,graduate,0.972,0.088,1
88200,66100,562,12,22.1,33,5,3000,other,own,bachelors,0.749,0.045,1
42500,89300,700,2,43.1,34,4,960,medical,rent,high_school,2.101,0.011,0
90800,99500,783,3,26.7,39,0,14960,other,rent,high_school,1.096,0.15,1
69100,72500,756,1,26.2,41,2,1180,debt_consolidation,mortgage,some_college,1.049,0.016,0
60500,120400,674,8,48.6,40,5,5400,home_improvement,mortgage,some_college,1.99,0.045,0
57800,86100,528,2,35.5,51,4,2770,major_purchase,mortgage,some_college,1.49,0.032,0
50100,205400,745,4,65.0,24,5,14370,other,rent,some_college,4.1,0.07,0
86700,86300,697,14,21.9,18,6,3040,debt_consolidation,mortgage,graduate,0.995,0.035,1
36700,236900,721,9,65.0,49,4,1200,debt_consolidation,rent,bachelors,6.455,0.005,0
26100,112500,849,9,65.0,27,7,19630,major_purchase,rent,high_school,4.31,0.174,1
71400,16900,614,24,11.1,33,7,1550,major_purchase,rent,some_college,0.237,0.092,1
72000,372400,440,0,65.0,31,6,6100,debt_consolidation,own,bachelors,5.172,0.016,0
67200,40100,595,3,22.3,31,3,29240,home_improvement,mortgage,high_school,0.597,0.729,1
65100,170600,726,4,51.8,21,1,1770,debt_consolidation,mortgage,high_school,2.621,0.01,1
46900,61000,687,3,27.1,31,4,4250,home_improvement,own,graduate,1.301,0.07,1
77200,125800,581,11,36.5,45,1,2690,debt_consolidation,rent,bachelors,1.63,0.021,0
53100,37000,564,5,18.2,37,6,5910,major_purchase,mortgage,graduate,0.697,0.16,1
43500,92800,654,2,40.5,43,4,4470,debt_consolidation,own,bachelors,2.133,0.048,1
47100,50100,579,7,24.1,32,6,17830,debt_consolidation,rent,bachelors,1.064,0.356,0
134500,180800,729,8,21.2,47,4,2060,home_improvement,mortgage,bachelors,1.344,0.011,1
24800,81400,650,2,65.0,32,5,29260,debt_consolidation,rent,some_college,3.282,0.359,0
67800,115300,631,5,42.0,41,2,46470,major_purchase,rent,high_school,1.701,0.403,0
25400,13200,620,9,23.0,46,4,7040,major_purchase,own,high_school,0.52,0.533,1
51600,56400,707,14,29.1,31,3,1630,home_improvement,rent,bachelors,1.093,0.029,1
44600,79800,688,3,38.4,51,5,4640,debt_consolidation,own,high_school,1.789,0.058,1
21200,70000,702,9,65.0,28,3,4130,debt_consolidation,own,bachelors,3.302,0.059,0
64500,117300,700,4,37.9,45,5,58770,major_purchase,mortgage,some_college,1.819,0.501,1
45700,46300,678,6,20.9,57,5,4250,debt_consolidation,own,graduate,1.013,0.092,1
21100,62000,597,2,60.3,38,3,34060,debt_consolidation,rent,some_college,2.938,0.549,0
79000,136900,622,9,40.8,35,5,5740,medical,rent,some_college,1.733,0.042,0
103300,12100,651,13,6.9,36,10,5240,debt_consolidation,rent,high_school,0.117,0.433,1
105900,90400,570,5,19.2,55,5,2990,home_improvement,mortgage,some_college,0.854,0.033,0
63700,47400,649,5,19.7,42,5,3410,debt_consolidation,mortgage,some_college,0.744,0.072,1
55300,31600,693,4,19.9,61,6,17080,debt_consolidation,mortgage,high_school,0.571,0.541,1
98500,75800,659,2,21.3,41,1,1770,education,own,bachelors,0.77,0.023,1
115500,141400,776,10,40.6,30,6,18840,medical,rent,high_school,1.224,0.133,0
90200,123900,658,14,32.2,31,5,36950,debt_consolidation,mortgage,graduate,1.374,0.298,0
35500,54500,665,3,38.6,38,6,2150,debt_consolidation,mortgage,some_college,1.535,0.039,0
59300,110500,754,7,35.7,32,0,26670,home_improvement,rent,some_college,1.863,0.241,0
66000,109900,838,9,40.3,33,8,21320,major_purchase,rent,graduate,1.665,0.194,1
24000,56300,804,4,48.4,40,5,16600,major_purchase,rent,bachelors,2.346,0.295,1
66900,36900,673,16,17.9,59,6,2020,debt_consolidation,other,high_school,0.552,0.055,1
150700,38400,680,7,19.3,38,4,4160,other,mortgage,some_college,0.255,0.108,1
72300,107600,688,1,33.3,27,6,4150,education,rent,high_school,1.488,0.039,1
105100,58100,697,13,12.7,40,5,91760,major_purchase,rent,bachelors,0.553,1.579,1
58800,28800,612,6,12.2,39,3,4850,other,rent,bachelors,0.49,0.168,1
52400,18400,764,4,15.0,55,5,3800,debt_consolidation,rent,graduate,0.351,0.207,1
64300,107200,702,10,38.5,48,3,990,debt_consolidation,mortgage,some_college,1.667,0.009,1
37500,40800,681,4,27.9,48,3,1260,debt_consolidation,own,high_school,1.088,0.031,0
35100,75500,576,16,41.6,35,3,1890,debt_consolidation,rent,high_school,2.151,0.025,0
95800,142600,690,13,42.9,50,6,8150,debt_consolidation,mortgage,graduate,1.489,0.057,1
100500,24000,524,17,18.2,28,6,670,other,rent,graduate,0.239,0.028,1
34700,58000,635,23,38.6,48,6,1930,education,mortgage,some_college,1.671,0.033,1
83800,53100,637,9,13.3,34,4,360,home_improvement,mortgage,some_college,0.634,0.007,1
52100,78100,709,6,41.3,22,4,34980,major_purchase,rent,bachelors,1.499,0.448,0
63100,142500,844,3,53.2,44,4,5700,debt_consolidation,mortgage,some_college,2.258,0.04,1
66600,23600,733,9,14.8,53,4,7590,debt_consolidation,own,graduate,0.354,0.322,1
84700,89200,808,23,31.8,33,4,1070,home_improvement,rent,bachelors,1.053,0.012,1
56200,123300,739,2,45.5,55,4,24980,major_purchase,mortgage,bachelors,2.194,0.203,0
102200,52600,780,8,13.4,19,5,40310,major_purchase,rent,bachelors,0.515,0.766,1
62300,54400,842,1,24.3,24,4,5400,major_purchase,rent,high_school,0.873,0.099,1
71700,80300,622,1,21.9,36,6,2510,other,mortgage,high_school,1.12,0.031,1
37200,76200,617,14,40.4,33,3,10650,debt_consolidation,rent,bachelors,2.048,0.14,1
143100,90000,741,13,21.5,30,5,13750,debt_consolidation,own,high_school,0.629,0.153,1
66900,88700,684,3,32.8,39,9,16620,debt_consolidation,rent,high_school,1.326,0.187,1
74700,30100,703,2,9.7,32,4,12450,other,mortgage,bachelors,0.403,0.414,1
26300,119800,663,18,65.0,34,6,18950,home_improvement,mortgage,high_school,4.555,0.158,0
37400,135500,634,2,65.0,41,3,1860,home_improvement,rent,bachelors,3.623,0.014,0
94600,68200,822,1,19.0,30,7,17620,other,mortgage,bachelors,0.721,0.258,1
61600,21000,591,2,11.7,36,4,2600,home_improvement,rent,high_school,0.341,0.124,1
22900,55300,743,8,55.4,30,6,150,debt_consolidation,mortgage,high_school,2.415,0.003,1
86400,68600,729,25,21.7,24,1,2570,debt_consolidation,rent,some_college,0.794,0.037,1
42400,26900,550,4,18.4,46,2,2260,home_improvement,rent,high_school,0.634,0.084,1
102200,46500,614,14,14.6,56,8,6890,major_purchase,rent,high_school,0.455,0.148,1
52100,22300,628,7,8.8,49,4,15890,other,own,bachelors,0.428,0.713,1
59400,91600,732,0,35.4,41,3,6440,debt_consolidation,rent,graduate,1.542,0.07,1
92100,67200,653,4,23.1,30,5,81800,major_purchase,mortgage,high_school,0.73,1.217,1
36200,18900,677,13,18.3,34,3,2360,debt_consolidation,rent,some_college,0.522,0.125,0
34700,76600,561,12,50.5,49,10,300,medical,rent,some_college,2.207,0.004,0
49600,57600,691,3,31.9,34,1,7250,debt_consolidation,rent,some_college,1.161,0.126,0
78600,85900,727,10,36.5,46,3,2290,debt_consolidation,mortgage,graduate,1.093,0.027,1
29800,45500,639,5,31.0,25,2,1070,debt_consolidation,rent,high_school,1.527,0.024,0
25600,34200,629,8,33.0,42,4,3240,education,rent,graduate,1.336,0.095,0
78500,34900,847,15,17.4,42,5,1640,debt_consolidation,rent,some_college,0.445,0.047,1
41300,41100,522,3,24.6,22,3,1880,debt_consolidation,rent,some_college,0.995,0.046,0
45400,60700,708,4,29.5,38,2,41420,debt_consolidation,own,graduate,1.337,0.682,1
23500,66400,582,15,60.9,31,4,5850,other,mortgage,bachelors,2.826,0.088,0
39900,52400,650,23,33.3,42,5,3390,home_improvement,own,bachelors,1.313,0.065,0
54000,44500,630,12,18.6,45,7,46010,other,rent,high_school,0.824,1.034,1
82300,46800,601,8,11.0,42,5,3250,debt_consolidation,mortgage,some_college,0.569,0.069,1
38300,346400,688,12,65.0,38,7,880,home_improvement,rent,some_college,9.044,0.003,0
114200,34900,466,4,10.8,41,5,770,home_improvement,own,some_college,0.306,0.022,1
39800,40500,658,6,28.7,25,5,4390,debt_consolidation,rent,high_school,1.018,0.108,0
39800,600600,677,1,65.0,37,2,490,home_improvement,own,bachelors,15.09,0.001,0
108200,80400,569,4,20.7,29,4,950,debt_consolidation,mortgage,some_college,0.743,0.012,0
59600,22800,813,8,8.1,49,8,2880,debt_consolidation,mortgage,high_school,0.383,0.126,1
42300,108000,634,7,47.8,45,2,23970,debt_consolidation,rent,bachelors,2.553,0.222,0
50500,31700,664,0,16.2,45,5,29990,major_purchase,mortgage,some_college,0.628,0.946,1
99600,113100,634,5,27.4,56,11,12380,home_improvement,rent,bachelors,1.136,0.109,1
104800,51700,678,7,13.6,34,1,4890,home_improvement,own,bachelors,0.493,0.095,1
37500,44000,796,7,29.7,31,3,2210,education,rent,some_college,1.173,0.05,1
53200,184700,748,1,63.7,34,4,8470,major_purchase,mortgage,bachelors,3.472,0.046,0
56400,89000,777,11,35.5,20,6,59560,major_purchase,own,bachelors,1.578,0.669,1
34800,118300,830,21,65.0,21,7,5990,debt_consolidation,rent,bachelors,3.399,0.051,0
52800,81200,706,12,29.9,44,2,2570,medical,other,graduate,1.538,0.032,1
54300,43900,818,6,23.5,22,5,3940,debt_consolidation,mortgage,high_school,0.808,0.09,1
90500,91900,752,18,17.6,26,3,3380,debt_consolidation,own,some_college,1.015,0.037,1
93300,139600,697,4,32.2,36,5,10600,home_improvement,rent,bachelors,1.496,0.076,1
46700,65800,714,10,36.5,33,7,1690,education,other,some_college,1.409,0.026,1
49200,211300,530,6,65.0,47,7,8680,debt_consolidation,mortgage,high_school,4.295,0.041,0
73100,108600,709,18,37.4,38,5,10890,home_improvement,rent,some_college,1.486,0.1,1
41600,69500,553,2,33.4,29,1,7960,debt_consolidation,own,bachelors,1.671,0.115,0
70600,71400,546,2,23.8,48,5,1070,debt_consolidation,mortgage,bachelors,1.011,0.015,0
52100,65900,701,15,36.4,46,4,3990,home_improvement,own,bachelors,1.265,0.061,0
35000,24900,590,9,18.3,22,8,2350,debt_consolidation,rent,graduate,0.711,0.094,1
35200,56200,684,16,43.2,40,8,4430,education,mortgage,some_college,1.597,0.079,1
103900,69900,696,3,18.9,30,6,1930,debt_consolidation,rent,bachelors,0.673,0.028,1
50500,44700,700,3,23.6,29,1,28020,major_purchase,own,high_school,0.885,0.627,1
113300,75800,608,8,23.4,58,4,6380,debt_consolidation,own,graduate,0.669,0.084,1
43000,60800,761,1,35.6,39,4,510,debt_consolidation,mortgage,bachelors,1.414,0.008,1
61800,102900,677,7,38.6,35,7,760,home_improvement,mortgage,graduate,1.665,0.007,1
159000,95200,722,4,16.9,38,7,26550,debt_consolidation,mortgage,graduate,0.599,0.279,1
33700,67300,583,6,37.7,47,6,3820,debt_consolidation,rent,bachelors,1.997,0.057,0
23100,23000,669,11,19.9,30,2,2850,debt_consolidation,mortgage,high_school,0.996,0.124,1
96700,209700,778,11,52.3,32,3,23860,debt_consolidation,rent,graduate,2.169,0.114,1
37300,54200,767,20,41.0,45,5,3980,medical,rent,high_school,1.453,0.073,1
53700,56600,617,14,27.5,21,4,920,education,mortgage,bachelors,1.054,0.016,1
41600,47100,638,0,21.3,48,6,1010,debt_consolidation,rent,some_college,1.132,0.021,1
61100,42500,600,3,17.4,20,3,11830,debt_consolidation,mortgage,some_college,0.696,0.278,0
35300,176500,629,3,65.0,35,7,84220,debt_consolidation,mortgage,some_college,5.0,0.477,0
50000,158000,566,13,62.7,20,2,15920,major_purchase,rent,high_school,3.16,0.101,0
66300,81700,673,19,26.6,26,4,2880,debt_consolidation,rent,bachelors,1.232,0.035,1
34400,55500,738,2,39.1,52,4,3580,debt_consolidation,own,bachelors,1.613,0.065,0
39500,92400,618,13,51.1,49,4,5260,major_purchase,own,some_college,2.339,0.057,0
46300,63000,677,6,38.8,50,5,290,major_purchase,rent,some_college,1.361,0.005,1
28500,52400,666,6,39.5,22,4,5080,home_improvement,mortgage,high_school,1.839,0.097,1
44800,75900,774,4,39.3,26,1,11130,major_purchase,rent,some_college,1.694,0.147,0
57200,44000,633,5,24.8,41,3,58810,debt_consolidation,mortgage,bachelors,0.769,1.337,0
45300,71400,636,7,40.5,45,4,22630,debt_consolidation,other,bachelors,1.576,0.317,1
47900,69100,613,4,29.0,29,4,73270,major_purchase,mortgage,high_school,1.443,1.06,1
53700,91300,588,9,40.2,31,3,51680,major_purchase,rent,bachelors,1.7,0.566,0
40300,38800,729,6,25.9,25,6,34630,debt_consolidation,rent,graduate,0.963,0.893,0
73900,98400,673,5,33.2,56,5,5100,debt_consolidation,other,bachelors,1.332,0.052,0
103400,31700,689,10,13.8,32,2,7960,debt_consolidation,own,high_school,0.307,0.251,1
44000,40100,793,8,31.3,38,1,470,education,mortgage,bachelors,0.911,0.012,1
67400,41300,798,0,15.5,38,4,5900,debt_consolidation,mortgage,high_school,0.613,0.143,1
48600,28300,545,9,14.7,50,8,10860,education,rent,high_school,0.582,0.384,1
63900,121900,740,8,39.1,27,4,3310,education,mortgage,high_school,1.908,0.027,1
109600,30400,704,14,11.8,50,2,570,home_improvement,mortgage,some_college,0.277,0.019,1
68100,36700,645,8,18.9,23,3,45070,education,mortgage,bachelors,0.539,1.228,1
24400,144200,712,5,65.0,50,2,8680,debt_consolidation,rent,bachelors,5.91,0.06,0
66500,40200,538,3,22.9,19,5,54660,debt_consolidation,rent,some_college,0.605,1.36,0
94400,52500,809,1,18.0,36,8,13890,home_improvement,own,some_college,0.556,0.265,1
49000,29500,728,6,18.5,55,3,33380,major_purchase,rent,high_school,0.602,1.132,1
84800,107300,611,3,25.5,45,2,25040,other,own,graduate,1.265,0.233,0
39700,108300,635,16,64.4,42,2,1900,home_improvement,rent,high_school,2.728,0.018,0
27800,100400,540,6,65.0,26,4,2410,debt_consolidation,rent,high_school,3.612,0.024,0
57700,87200,658,2,41.8,29,5,2700,debt_consolidation,mortgage,graduate,1.511,0.031,1
24600,63000,643,0,51.6,52,10,1270,home_improvement,mortgage,high_school,2.561,0.02,0
48600,41500,572,1,26.7,43,6,58170,major_purchase,mortgage,high_school,0.854,1.402,0
96700,33800,751,8,12.0,47,2,5210,major_purchase,rent,graduate,0.35,0.154,1
22900,147700,793,17,65.0,38,1,9350,education,rent,high_school,6.45,0.063,0
30500,102300,682,10,65.0,34,6,760,debt_consolidation,mortgage,high_school,3.354,0.007,0
34100,36900,659,6,30.9,46,7,15460,home_improvement,mortgage,some_college,1.082,0.419,1
52700,61600,721,24,26.1,40,3,2770,debt_consolidation,own,some_college,1.169,0.045,1
46000,48500,683,11,34.6,36,8,28720,major_purchase,mortgage,bachelors,1.054,0.592,1
101700,27200,593,8,21.0,22,8,1880,medical,other,bachelors,0.267,0.069,1
83200,67800,629,5,21.1,48,2,31720,home_improvement,rent,some_college,0.815,0.468,1
67700,44800,659,18,20.6,42,2,18350,home_improvement,mortgage,high_school,0.662,0.41,1
57800,30700,706,5,21.3,31,3,2560,debt_consolidation,mortgage,high_school,0.531,0.083,1
64700,21300,685,3,6.0,50,3,35770,other,mortgage,graduate,0.329,1.679,1
36800,20000,702,6,22.4,40,8,24550,major_purchase,mortgage,high_school,0.543,1.228,1
79700,46200,555,7,22.5,40,1,9750,education,rent,high_school,0.58,0.211,0
32800,56400,741,12,36.7,47,3,1220,debt_consolidation,rent,high_school,1.72,0.022,1
78900,32400,685,3,6.6,45,5,15070,debt_consolidation,rent,bachelors,0.411,0.465,1
92400,94400,652,3,27.7,41,3,5390,home_improvement,mortgage,bachelors,1.022,0.057,1
59600,57200,712,4,20.7,35,3,5270,home_improvement,rent,some_college,0.96,0.092,1
50000,89700,701,6,33.9,59,3,5450,home_improvement,rent,high_school,1.794,0.061,1
64900,52700,679,2,24.1,29,8,4710,debt_consolidation,rent,bachelors,0.812,0.089,1
14900,34500,601,16,54.9,46,6,1460,home_improvement,rent,high_school,2.315,0.042,0
62100,64900,814,1,25.9,37,5,590,debt_consolidation,rent,some_college,1.045,0.009,1
51500,24700,586,18,21.4,43,4,440,debt_consolidation,mortgage,some_college,0.48,0.018,1
53000,87300,721,11,40.3,51,3,7470,major_purchase,own,some_college,1.647,0.086,1
74500,31100,644,3,10.0,34,4,170,medical,own,high_school,0.417,0.005,1
52400,113900,668,5,44.9,44,9,13580,debt_consolidation,rent,bachelors,2.174,0.119,1
32400,47200,563,3,38.5,40,6,9980,other,mortgage,high_school,1.457,0.211,0
50800,126000,799,11,50.4,30,1,3220,other,mortgage,some_college,2.48,0.026,1
55800,27300,661,17,20.1,51,4,20680,home_improvement,own,bachelors,0.489,0.758,1
57100,37300,581,39,18.1,45,8,3410,medical,rent,bachelors,0.653,0.091,1
58300,78200,791,9,35.0,33,7,8830,home_improvement,mortgage,bachelors,1.341,0.113,1
86500,135900,642,1,38.0,50,5,320,debt_consolidation,own,some_college,1.571,0.002,0
33200,192300,713,2,65.0,28,4,210,debt_consolidation,mortgage,high_school,5.792,0.001,0
58600,61600,756,9,29.7,37,7,3540,debt_consolidation,mortgage,some_college,1.051,0.057,1
96800,216700,725,5,39.7,33,9,8880,debt_consolidation,rent,some_college,2.239,0.041,0
24800,48900,498,11,39.1,46,5,18590,other,rent,some_college,1.972,0.38,0
58700,129200,744,8,45.8,32,1,3830,other,rent,bachelors,2.201,0.03,0
41600,31000,676,3,26.1,46,7,6940,home_improvement,mortgage,bachelors,0.745,0.224,0
45900,80300,657,5,33.7,44,3,14780,home_improvement,rent,high_school,1.749,0.184,1
36100,11600,675,12,13.6,33,8,4110,other,mortgage,bachelors,0.321,0.354,1
50200,27300,548,9,19.1,58,4,11180,medical,rent,bachelors,0.544,0.41,1
124100,83000,701,11,21.0,29,11,1010,debt_consolidation,mortgage,some_college,0.669,0.012,1
30700,23900,569,2,21.6,22,6,480,other,mortgage,bachelors,0.779,0.02,1
32000,80700,660,3,50.9,47,3,2330,home_improvement,mortgage,bachelors,2.522,0.029,0
30200,112900,698,15,65.0,54,7,14540,debt_consolidation,mortgage,bachelors,3.738,0.129,0
117900,42200,776,2,18.3,39,4,1820,debt_consolidation,rent,some_college,0.358,0.043,1
44000,30400,615,11,17.7,22,5,12220,medical,rent,some_college,0.691,0.402,0
53600,43000,808,1,13.8,27,6,1170,debt_consolidation,rent,some_college,0.802,0.027,1
45200,30500,765,7,22.0,20,3,2170,education,rent,some_college,0.675,0.071,1
35400,55800,648,4,42.4,42,7,6900,medical,own,high_school,1.576,0.124,1
48700,64300,590,3,27.6,23,6,1930,debt_consolidation,own,graduate,1.32,0.03,1
163800,48300,562,7,18.8,43,6,2450,debt_consolidation,rent,high_school,0.295,0.051,1
101400,193300,708,14,44.4,34,4,130,home_improvement,mortgage,bachelors,1.906,0.001,1
36900,36200,622,3,21.0,32,5,15910,debt_consolidation,mortgage,some_college,0.981,0.44,0
72500,158600,786,0,44.6,43,5,4160,home_improvement,mortgage,bachelors,2.188,0.026,1
37300,28900,627,6,19.0,44,0,1310,other,rent,some_college,0.775,0.045,0
24400,63000,608,3,55.2,50,3,63940,major_purchase,rent,high_school,2.582,1.015,0
85700,137100,704,12,36.1,31,2,1630,home_improvement,mortgage,high_school,1.6,0.012,1
91300,132200,626,4,38.5,37,5,2390,education,rent,some_college,1.448,0.018,0
86700,44600,685,3,20.7,31,7,1280,other,other,some_college,0.514,0.029,1
43900,88300,768,5,38.0,39,4,23050,other,rent,bachelors,2.011,0.261,1
50300,80400,694,14,31.1,29,5,36580,debt_consolidation,mortgage,bachelors,1.598,0.455,0
75900,41000,695,9,20.2,33,3,31810,debt_consolidation,rent,some_college,0.54,0.776,1
64600,92100,702,2,31.6,33,1,31390,major_purchase,mortgage,bachelors,1.426,0.341,1
45400,220500,541,2,65.0,41,7,2130,debt_consolidation,own,high_school,4.857,0.01,0
26100,83300,718,18,65.0,38,5,51090,home_improvement,rent,bachelors,3.192,0.613,0
57000,89000,698,3,39.5,43,3,3740,education,other,high_school,1.561,0.042,1
88000,95800,760,15,22.7,36,5,570,other,mortgage,bachelors,1.089,0.006,1
31600,21500,736,5,11.4,31,8,2710,debt_consolidation,own,high_school,0.68,0.126,1
72200,82600,667,3,28.1,40,5,7760,education,mortgage,bachelors,1.144,0.094,1
62900,29400,772,3,13.0,27,9,1990,home_improvement,mortgage,some_college,0.467,0.068,1
75900,39600,660,6,17.7,44,4,6040,major_purchase,rent,some_college,0.522,0.153,1
80200,271900,706,0,65.0,34,4,10420,debt_consolidation,mortgage,graduate,3.39,0.038,0
39600,50100,658,3,26.9,40,8,8730,debt_consolidation,mortgage,bachelors,1.265,0.174,1
26200,35700,724,22,40.9,40,8,12300,medical,rent,high_school,1.363,0.345,1
42600,134200,652,27,64.8,55,2,3820,major_purchase,rent,some_college,3.15,0.028,0
80800,30800,825,3,12.6,42,4,1780,education,rent,high_school,0.381,0.058,1
42500,43800,759,10,27.0,38,3,630,debt_consolidation,own,some_college,1.031,0.014,1
39600,143500,816,9,65.0,30,2,4350,debt_consolidation,rent,some_college,3.624,0.03,0
23900,61700,554,2,51.9,46,9,2320,debt_consolidation,mortgage,bachelors,2.582,0.038,1
119200,20100,564,11,20.3,35,2,4160,major_purchase,mortgage,graduate,0.169,0.207,1
78600,87600,657,4,22.0,21,5,270,major_purchase,mortgage,some_college,1.115,0.003,0
76600,45400,688,7,12.9,35,2,590,home_improvement,other,bachelors,0.593,0.013,1
83700,175900,668,12,39.4,40,7,10040,debt_consolidation,mortgage,bachelors,2.102,0.057,1
70200,39200,545,5,18.1,28,7,500,debt_consolidation,rent,bachelors,0.558,0.013,1
48500,125000,782,5,56.3,36,4,3770,debt_consolidation,rent,bachelors,2.577,0.03,1
50300,207500,793,10,65.0,37,6,1540,debt_consolidation,rent,bachelors,4.125,0.007,0
44700,33000,777,15,23.2,37,5,1410,other,mortgage,some_college,0.738,0.043,1
177300,52300,704,9,15.1,51,1,5540,debt_consolidation,mortgage,graduate,0.295,0.106,1
69600,78600,613,5,26.9,23,6,5120,debt_consolidation,mortgage,some_college,1.129,0.065,1
44000,32900,691,14,23.2,60,6,10560,medical,mortgage,high_school,0.748,0.321,1
66800,72300,655,8,26.7,37,5,1050,other,mortgage,bachelors,1.082,0.015,1
34400,51200,646,17,33.2,44,4,1420,major_purchase,rent,some_college,1.488,0.028,1
106600,50400,779,21,14.5,39,6,23680,debt_consolidation,rent,high_school,0.473,0.47,1
40200,62000,784,9,36.7,19,4,3590,home_improvement,rent,high_school,1.542,0.058,0
67900,62900,612,16,29.5,26,3,8200,debt_consolidation,mortgage,some_college,0.926,0.13,1
87500,67200,662,17,17.0,32,4,2450,debt_consolidation,mortgage,high_school,0.768,0.036,1
64400,39400,642,6,17.1,48,5,9300,major_purchase,mortgage,high_school,0.612,0.236,1
56500,40600,690,17,21.6,22,3,150,education,rent,high_school,0.719,0.004,1
54400,55100,778,7,33.3,28,7,24640,debt_consolidation,own,bachelors,1.013,0.447,1
52800,58000,616,11,29.5,39,1,2600,medical,mortgage,high_school,1.098,0.045,0
41800,44000,777,6,23.7,43,5,860,major_purchase,mortgage,bachelors,1.053,0.02,1
44300,75100,693,1,34.8,42,2,1110,home_improvement,rent,bachelors,1.695,0.015,0
105400,16800,712,25,14.8,27,3,3400,debt_consolidation,mortgage,bachelors,0.159,0.202,1
51600,35900,676,11,19.3,20,2,4210,other,other,high_school,0.696,0.117,1
38000,49200,733,12,26.4,43,4,5990,debt_consolidation,other,some_college,1.295,0.122,1
42900,32900,656,7,25.9,53,6,930,debt_consolidation,rent,high_school,0.767,0.028,1
88900,187300,532,17,47.2,34,4,16640,debt_consolidation,mortgage,graduate,2.107,0.089,1
73400,60700,664,6,18.1,25,1,2360,major_purchase,rent,high_school,0.827,0.039,1
69700,67800,663,6,20.1,33,7,2200,other,mortgage,high_school,0.973,0.032,0
48200,42700,549,2,15.3,42,5,3580,debt_consolidation,mortgage,high_school,0.886,0.084,0
70100,59200,678,8,20.7,35,2,12430,debt_consolidation,mortgage,graduate,0.845,0.21,1
40600,25600,509,16,20.6,53,6,4690,other,rent,high_school,0.631,0.183,0
48200,53200,655,6,31.7,48,6,2300,major_purchase,own,high_school,1.104,0.043,1
83800,31100,705,2,16.4,40,2,3120,other,mortgage,high_school,0.371,0.1,1
80300,49300,693,14,13.8,30,5,27090,major_purchase,other,graduate,0.614,0.549,1
34800,10000,650,10,12.0,31,4,21540,medical,own,some_college,0.287,2.154,0
36900,27200,677,23,27.0,29,3,8200,home_improvement,own,graduate,0.737,0.301,1
56900,166800,618,3,58.7,40,3,6050,debt_consolidation,rent,graduate,2.931,0.036,0
117800,107100,685,11,27.4,40,8,125370,home_improvement,rent,bachelors,0.909,1.171,1
22900,150700,689,2,65.0,19,4,9400,debt_consolidation,own,high_school,6.581,0.062,0
61400,158200,608,7,57.4,46,5,6330,home_improvement,mortgage,graduate,2.577,0.04,0
29200,95900,707,8,65.0,38,6,3700,home_improvement,mortgage,some_college,3.284,0.039,0
40700,43600,707,1,30.3,41,3,8100,debt_consolidation,own,some_college,1.071,0.186,1
46000,29000,670,15,13.4,46,5,70,major_purchase,own,bachelors,0.63,0.002,1
44800,133600,673,12,65.0,29,3,20720,debt_consolidation,mortgage,bachelors,2.982,0.155,0
42600,62600,661,10,27.2,51,3,830,education,rent,graduate,1.469,0.013,0
54400,343100,649,2,65.0,36,5,1800,debt_consolidation,mortgage,graduate,6.307,0.005,0
42600,46400,602,3,27.4,54,5,690,home_improvement,mortgage,some_college,1.089,0.015,0
28100,238200,743,13,65.0,28,5,1750,debt_consolidation,mortgage,high_school,8.477,0.007,0
77000,53700,626,6,16.7,53,3,3050,debt_consolidation,own,graduate,0.697,0.057,0
76000,152500,636,5,46.3,28,5,17070,home_improvement,mortgage,high_school,2.007,0.112,0
79200,196400,639,16,55.8,66,11,29870,home_improvement,rent,some_college,2.48,0.152,1
27100,29300,601,7,27.0,27,5,74420,medical,other,high_school,1.081,2.54,0
62000,42600,536,2,19.2,49,4,5670,debt_consolidation,mortgage,some_college,0.687,0.133,0
73400,29100,645,13,20.3,34,7,3620,education,own,some_college,0.396,0.124,1
34100,25300,759,2,19.7,45,8,14640,debt_consolidation,rent,bachelors,0.742,0.579,1
54400,95500,701,6,39.4,37,7,1490,home_improvement,mortgage,graduate,1.756,0.016,0
51400,52200,817,8,25.5,25,3,1270,major_purchase,mortgage,graduate,1.016,0.024,1
124100,62100,748,11,26.9,65,5,2940,debt_consolidation,rent,some_college,0.5,0.047,1
128800,88400,729,1,17.0,38,3,4690,debt_consolidation,mortgage,some_college,0.686,0.053,1
25600,16300,845,0,22.8,41,4,270,debt_consolidation,mortgage,some_college,0.637,0.017,1
166400,147400,676,0,17.1,45,2,21890,debt_consolidation,mortgage,some_college,0.886,0.149,1
35900,46900,690,18,27.7,30,4,6880,debt_consolidation,mortgage,some_college,1.306,0.147,0
84200,86900,684,1,25.3,30,4,15030,other,own,graduate,1.032,0.173,1
83800,92500,816,21,27.3,37,5,550,debt_consolidation,mortgage,some_college,1.104,0.006,1
34600,156300,685,14,65.0,51,3,1940,education,rent,high_school,4.517,0.012,0
67600,55600,629,3,22.4,39,5,1800,other,own,bachelors,0.822,0.032,0
51600,13500,734,0,10.0,54,5,3700,debt_consolidation,mortgage,some_college,0.262,0.274,1
69500,62300,615,7,29.3,50,8,4690,medical,mortgage,high_school,0.896,0.075,1
60100,68900,730,4,24.6,35,2,16600,other,mortgage,bachelors,1.146,0.241,1
92800,29000,720,17,16.6,20,2,5640,debt_consolidation,own,high_school,0.312,0.194,1
56000,66400,668,8,32.1,35,5,1740,home_improvement,rent,bachelors,1.186,0.026,0
50200,46500,733,7,20.9,43,5,105110,medical,own,bachelors,0.926,2.26,1
88700,23400,558,5,11.3,38,4,3390,medical,rent,some_college,0.264,0.145,0
70300,95800,698,11,32.5,44,1,1380,education,other,some_college,1.363,0.014,0
75300,40400,645,6,24.4,47,8,350,debt_consolidation,own,some_college,0.537,0.009,1
40200,45100,698,24,26.7,43,3,5580,debt_consolidation,own,bachelors,1.122,0.124,1
33800,43300,634,1,45.6,34,4,12930,major_purchase,own,graduate,1.281,0.299,1
42000,142200,567,5,65.0,43,3,1000,debt_consolidation,rent,graduate,3.386,0.007,0
41000,58200,795,10,34.9,62,3,11790,major_purchase,other,high_school,1.42,0.203,1
77200,63300,655,9,26.3,21,4,5530,home_improvement,mortgage,some_college,0.82,0.087,1
84100,44000,617,24,10.5,43,2,410,home_improvement,rent,high_school,0.523,0.009,1
50500,82800,713,3,42.2,58,1,11800,education,rent,high_school,1.64,0.143,1
103100,154000,740,0,29.6,25,7,3390,major_purchase,mortgage,some_college,1.494,0.022,1
100300,94200,738,14,28.4,49,5,1020,major_purchase,rent,some_college,0.939,0.011,1
60400,96800,686,8,34.5,50,4,18760,other,mortgage,some_college,1.603,0.194,1
37400,91500,698,14,48.8,21,2,18270,debt_consolidation,mortgage,bachelors,2.447,0.2,0
110100,22800,704,9,18.8,45,8,990,major_purchase,rent,some_college,0.207,0.043,1
52700,32400,713,0,18.7,35,5,7410,debt_consolidation,rent,bachelors,0.615,0.229,1
57300,51900,721,9,18.2,37,4,6530,major_purchase,mortgage,bachelors,0.906,0.126,1
46500,36000,778,3,25.8,34,0,4470,education,mortgage,bachelors,0.774,0.124,0
36300,28400,689,5,17.2,52,4,2390,other,mortgage,some_college,0.782,0.084,1
28000,16100,615,6,23.8,36,4,3990,home_improvement,own,high_school,0.575,0.248,1
72000,23300,672,2,13.8,32,5,18290,education,mortgage,high_school,0.324,0.785,0
38100,50000,749,3,26.5,33,5,8720,debt_consolidation,mortgage,high_school,1.312,0.174,0
214700,57000,533,12,16.1,34,4,330,major_purchase,own,graduate,0.265,0.006,1
33200,34400,533,12,28.7,26,1,240,education,own,some_college,1.036,0.007,0
30800,63300,763,1,36.5,32,4,370,major_purchase,own,some_college,2.055,0.006,1
68200,44200,814,8,19.4,39,6,730,major_purchase,rent,some_college,0.648,0.017,1
107800,128500,577,13,30.7,42,3,1710,education,rent,bachelors,1.192,0.013,0
55800,53500,693,7,26.2,51,4,2610,debt_consolidation,own,graduate,0.959,0.049,1
70100,97500,651,8,32.3,40,7,4480,medical,rent,high_school,1.391,0.046,1
23600,69000,662,1,63.6,32,4,4690,major_purchase,mortgage,bachelors,2.924,0.068,1
39900,22400,710,16,20.4,26,4,4590,home_improvement,mortgage,some_college,0.561,0.205,1
33400,56200,575,2,38.4,41,9,24370,other,rent,high_school,1.683,0.434,0
23100,25200,590,5,26.7,36,5,470,home_improvement,mortgage,some_college,1.091,0.019,0
57100,55500,659,13,26.1,37,8,7840,debt_consolidation,mortgage,some_college,0.972,0.141,1
19700,35500,672,20,38.0,40,4,7790,education,rent,high_school,1.802,0.219,0
29900,78200,589,5,51.0,43,7,840,debt_consolidation,own,high_school,2.615,0.011,0
42500,23400,752,28,13.4,40,3,10380,medical,rent,bachelors,0.551,0.444,1
37300,60500,649,7,36.8,36,6,8280,other,rent,bachelors,1.622,0.137,0
64800,89400,649,7,29.4,29,5,4630,education,mortgage,bachelors,1.38,0.052,1
62200,113000,709,2,40.1,31,8,170,major_purchase,rent,some_college,1.817,0.002,0
81000,35100,674,5,21.1,47,8,18950,other,rent,some_college,0.433,0.54,1
76000,60600,756,8,21.5,33,7,6750,home_improvement,rent,graduate,0.797,0.111,1
90500,68100,605,10,22.1,23,3,8650,debt_consolidation,own,graduate,0.752,0.127,1
54100,176800,566,10,65.0,50,3,2340,medical,own,high_school,3.268,0.013,0
62100,21200,658,4,19.4,27,4,660,major_purchase,mortgage,high_school,0.341,0.031,1
68200,31600,690,18,23.0,38,9,30060,education,mortgage,bachelors,0.463,0.951,1
57700,426400,579,7,65.0,43,5,1050,home_improvement,mortgage,high_school,7.39,0.002,0
45300,49500,567,7,30.6,38,3,38990,debt_consolidation,own,bachelors,1.093,0.788,0
46600,15900,700,2,22.5,42,9,18660,debt_consolidation,mortgage,some_college,0.341,1.174,0
37500,39800,620,11,22.5,52,8,6700,debt_consolidation,mortgage,high_school,1.061,0.168,0
65500,8600,561,6,14.3,46,4,24090,medical,mortgage,bachelors,0.131,2.801,0
51900,70900,767,5,25.6,61,3,1310,home_improvement,mortgage,high_school,1.366,0.018,1
40200,105500,631,1,55.4,23,5,1680,debt_consolidation,mortgage,high_school,2.624,0.016,1
40200,31600,782,2,21.6,26,3,17880,debt_consolidation,mortgage,bachelors,0.786,0.566,1
31400,43100,687,9,25.9,46,8,1320,debt_consolidation,mortgage,high_school,1.373,0.031,0
84200,114300,710,20,36.8,42,5,770,home_improvement,mortgage,some_college,1.357,0.007,1
56100,17600,667,5,14.2,38,5,3130,education,mortgage,some_college,0.314,0.178,1
36700,23700,459,5,15.9,31,5,1430,other,mortgage,high_school,0.646,0.06,1
78000,51000,588,11,21.1,52,3,66940,major_purchase,own,high_school,0.654,1.313,1
42100,35400,674,16,26.8,37,6,14550,debt_consolidation,rent,high_school,0.841,0.411,1
28800,48700,716,4,31.4,20,6,2190,debt_consolidation,rent,some_college,1.691,0.045,1
85800,24700,532,2,1.0,51,4,1210,home_improvement,mortgage,graduate,0.288,0.049,0
42500,69600,680,6,37.3,40,6,7900,major_purchase,rent,bachelors,1.638,0.114,1
45100,53900,589,10,26.4,50,7,25910,debt_consolidation,rent,bachelors,1.195,0.481,0
55200,87900,704,0,42.0,44,5,7390,debt_consolidation,rent,bachelors,1.592,0.084,1
90600,68900,683,4,20.2,64,5,1300,education,mortgage,bachelors,0.76,0.019,1
54700,69200,748,6,32.0,34,2,660,major_purchase,mortgage,some_college,1.265,0.01,0
31600,21800,775,5,19.7,38,4,2890,home_improvement,rent,graduate,0.69,0.133,1
69200,84500,724,1,23.8,45,5,7650,home_improvement,mortgage,bachelors,1.221,0.091,1
43600,47500,758,5,27.7,34,6,2540,home_improvement,rent,bachelors,1.089,0.053,1
126700,53300,655,6,10.3,46,6,20150,debt_consolidation,mortgage,high_school,0.421,0.378,1
54100,124700,581,3,44.0,37,1,10280,education,own,bachelors,2.305,0.082,0
19800,36200,640,8,36.5,36,2,6850,debt_consolidation,rent,some_college,1.828,0.189,0
63600,154200,761,12,46.9,36,0,10000,debt_consolidation,mortgage,bachelors,2.425,0.065,1
130000,164600,748,13,29.9,28,7,700,home_improvement,rent,bachelors,1.266,0.004,1
110100,101400,726,3,23.0,47,6,2450,home_improvement,mortgage,high_school,0.921,0.024,1
123500,30100,742,10,13.5,32,7,1150,major_purchase,mortgage,some_college,0.244,0.038,1
34200,13000,507,9,8.5,40,5,8420,other,rent,graduate,0.38,0.648,1
81700,127400,820,23,35.1,37,5,1170,debt_consolidation,mortgage,high_school,1.559,0.009,1
39100,64700,667,10,35.9,43,3,5510,debt_consolidation,own,bachelors,1.655,0.085,0
59900,35500,790,10,19.5,53,3,3900,debt_consolidation,mortgage,some_college,0.593,0.11,1
30600,136100,512,14,65.0,40,3,11380,debt_consolidation,own,some_college,4.448,0.084,0
40500,32800,706,2,23.2,47,7,920,medical,mortgage,graduate,0.81,0.028,1
40000,44500,637,7,24.1,39,4,9250,home_improvement,mortgage,bachelors,1.112,0.208,1
81200,86500,733,20,27.3,32,6,1100,debt_consolidation,mortgage,some_college,1.065,0.013,1
77700,27500,711,21,12.3,36,1,1270,major_purchase,own,bachelors,0.354,0.046,1
61400,55500,716,5,29.5,34,4,4030,medical,rent,high_school,0.904,0.073,1
29500,128300,594,20,65.0,44,6,26160,other,own,high_school,4.349,0.204,0
47100,69400,680,5,34.8,39,7,1510,debt_consolidation,mortgage,bachelors,1.473,0.022,0
38700,143400,669,8,65.0,29,8,410,major_purchase,mortgage,bachelors,3.705,0.003,0
80100,132400,727,1,35.4,35,6,1310,debt_consolidation,mortgage,bachelors,1.653,0.01,1
92100,60200,769,17,20.8,21,1,2870,education,own,some_college,0.654,0.048,1
87100,11700,697,5,10.1,35,8,67280,other,rent,high_school,0.134,5.75,1
38600,27600,576,1,20.5,38,2,8460,major_purchase,mortgage,high_school,0.715,0.307,0
15800,102200,694,6,65.0,57,2,1710,major_purchase,rent,high_school,6.468,0.017,0
24500,20200,824,0,19.6,52,2,4030,major_purchase,mortgage,graduate,0.824,0.2,1
102700,47600,432,11,15.2,26,8,44330,major_purchase,mortgage,some_college,0.463,0.931,0
45200,75900,690,15,43.0,40,2,3510,home_improvement,mortgage,bachelors,1.679,0.046,0
38600,167500,764,2,65.0,40,2,3570,medical,rent,high_school,4.339,0.021,0
113500,40000,669,2,10.2,35,4,2790,other,mortgage,some_college,0.352,0.07,1
95700,38200,645,10,7.6,36,5,13020,medical,own,high_school,0.399,0.341,1
54800,57700,662,11,28.3,34,8,2360,debt_consolidation,mortgage,graduate,1.053,0.041,0
47500,76500,731,4,41.7,58,5,16670,home_improvement,mortgage,high_school,1.611,0.218,0
51000,53700,587,3,28.4,33,6,21760,major_purchase,own,high_school,1.053,0.405,0
60000,124800,786,13,47.7,41,5,11600,debt_consolidation,rent,high_school,2.08,0.093,1
111300,34200,680,1,9.4,47,4,3590,home_improvement,mortgage,high_school,0.307,0.105,1
65500,65100,605,4,27.4,51,6,690,debt_consolidation,rent,some_college,0.994,0.011,1
75100,81800,780,3,24.5,26,6,3590,home_improvement,mortgage,graduate,1.089,0.044,1
91700,45200,553,10,17.1,32,5,1930,debt_consolidation,mortgage,graduate,0.493,0.043,0
32000,107800,637,3,65.0,42,7,1650,debt_consolidation,rent,some_college,3.369,0.015,0
76100,66500,636,14,22.6,38,5,3520,other,own,bachelors,0.874,0.053,1
47500,104000,626,4,50.7,43,4,9610,debt_consolidation,mortgage,some_college,2.189,0.092,1
17500,68600,501,9,65.0,34,3,2060,debt_consolidation,mortgage,graduate,3.92,0.03,0
20800,77900,635,3,65.0,58,0,720,debt_consolidation,own,high_school,3.745,0.009,0
34300,38500,723,7,35.8,30,3,1280,major_purchase,rent,some_college,1.122,0.033,1
68800,38500,751,3,20.1,67,7,52390,other,own,high_school,0.56,1.361,1
57000,141100,804,2,49.6,51,3,10600,major_purchase,mortgage,graduate,2.475,0.075,1
58900,93400,700,11,34.6,47,6,1290,education,mortgage,some_college,1.586,0.014,1
130300,29300,609,3,15.5,26,5,29870,debt_consolidation,other,high_school,0.225,1.019,1
30600,68000,823,3,52.2,48,4,3510,debt_consolidation,rent,high_school,2.222,0.052,1
53500,11400,653,7,11.7,44,2,119280,education,own,some_college,0.213,10.463,0
62100,40100,629,8,13.5,22,3,7090,debt_consolidation,rent,some_college,0.646,0.177,0
38900,117300,649,2,58.5,41,4,10850,home_improvement,own,bachelors,3.015,0.092,0
54900,54900,578,9,26.7,36,6,15870,home_improvement,mortgage,bachelors,1.0,0.289,1
26400,65000,645,3,54.6,32,5,39350,other,rent,bachelors,2.462,0.605,0
102200,7200,665,1,13.3,49,3,2660,home_improvement,mortgage,some_college,0.07,0.369,1
39900,45500,747,5,20.4,28,7,34870,other,rent,some_college,1.14,0.766,1
135100,75900,652,5,21.6,32,6,2050,major_purchase,mortgage,graduate,0.562,0.027,1
53400,82900,577,9,41.7,30,3,2960,debt_consolidation,rent,some_college,1.552,0.036,1
86000,117400,548,23,23.0,43,7,4980,debt_consolidation,mortgage,some_college,1.365,0.042,1
52900,51700,702,7,25.6,19,3,17830,home_improvement,mortgage,bachelors,0.977,0.345,1
53400,53300,691,10,29.0,32,5,3100,debt_consolidation,own,bachelors,0.998,0.058,1
41700,23600,637,1,12.5,19,3,49560,debt_consolidation,rent,graduate,0.566,2.1,1
57200,51900,645,15,22.3,34,3,31480,home_improvement,rent,some_college,0.907,0.607,0
62500,24800,718,6,17.4,45,6,5190,home_improvement,rent,some_college,0.397,0.209,1
38100,16400,803,2,13.7,46,2,1270,home_improvement,mortgage,bachelors,0.43,0.077,1
51200,28000,618,14,16.4,29,3,19960,other,mortgage,bachelors,0.547,0.713,1
41200,172100,692,6,65.0,43,9,260,debt_consolidation,rent,high_school,4.177,0.002,0
152500,49500,766,13,9.2,35,7,13870,other,own,graduate,0.325,0.28,1
52000,69800,619,25,27.9,52,6,1550,major_purchase,mortgage,high_school,1.342,0.022,1
108600,41800,683,1,16.8,36,2,28530,education,mortgage,high_school,0.385,0.683,1
49600,17100,681,3,18.0,47,4,710,major_purchase,rent,bachelors,0.345,0.042,0
60900,115300,573,11,43.7,32,4,1940,debt_consolidation,mortgage,high_school,1.893,0.017,1
29900,13100,699,6,21.3,34,8,9080,medical,own,high_school,0.438,0.693,1
44300,40600,687,0,26.2,41,3,11410,education,rent,graduate,0.916,0.281,1
59600,57600,732,4,32.8,22,1,2050,medical,mortgage,bachelors,0.966,0.036,1
110600,70400,584,5,19.7,38,1,3090,education,own,graduate,0.637,0.044,1
59900,36000,685,6,19.8,43,7,18650,debt_consolidation,mortgage,high_school,0.601,0.518,1
101000,16500,802,3,12.6,42,1,20120,other,rent,high_school,0.163,1.219,1
72300,34200,793,18,14.0,31,1,3000,other,rent,high_school,0.473,0.088,1
112700,35400,584,1,10.5,48,2,2100,education,mortgage,high_school,0.314,0.059,0
52800,34900,723,8,16.3,27,5,720,major_purchase,rent,some_college,0.661,0.021,0
158800,118100,643,4,19.2,31,2,7010,education,mortgage,graduate,0.744,0.059,1
43500,25600,709,3,26.9,36,3,15330,major_purchase,rent,some_college,0.589,0.599,0
38400,73900,619,16,49.9,41,3,6070,home_improvement,rent,bachelors,1.924,0.082,0
31400,66900,539,5,45.0,34,4,1350,other,mortgage,bachelors,2.131,0.02,0
154700,117300,655,8,20.0,51,4,59940,debt_consolidation,mortgage,high_school,0.758,0.511,1
78300,54500,746,12,11.9,41,2,260,education,mortgage,high_school,0.696,0.005,1
46600,104200,709,6,44.3,38,4,16810,home_improvement,rent,bachelors,2.236,0.161,0
